AccX1;AccY1;AccZ1;GyrX1;GyrY1;GyrZ1;AccX2;AccY2;AccZ2;GyrX2;GyrY2;GyrZ2;AccX3;AccY3;AccZ3;GyrX3;GyrY3;GyrZ3;AccX4;AccY4;AccZ4;GyrX4;GyrY4;GyrZ4;AccX5;AccY5;AccZ5;GyrX5;GyrY5;GyrZ5;AccX6;AccY6;AccZ6;GyrX6;GyrY6;GyrZ6;AccX7;AccY7;AccZ7;GyrX7;GyrY7;GyrZ7;AccX8;AccY8;AccZ8;GyrX8;GyrY8;GyrZ8;AccX9;AccY9;AccZ9;GyrX9;GyrY9;GyrZ9;AccX10;AccY10;AccZ10;GyrX10;GyrY10;GyrZ10;AccX11;AccY11;AccZ11;GyrX11;GyrY11;GyrZ11;AccX12;AccY12;AccZ12;GyrX12;GyrY12;GyrZ12;AccX13;AccY13;AccZ13;GyrX13;GyrY13;GyrZ13;AccX14;AccY14;AccZ14;GyrX14;GyrY14;GyrZ14;AccX15;AccY15;AccZ15;GyrX15;GyrY15;GyrZ15;AccX16;AccY16;AccZ16;GyrX16;GyrY16;GyrZ16;AccX17;AccY17;AccZ17;GyrX17;GyrY17;GyrZ17;AccX18;AccY18;AccZ18;GyrX18;GyrY18;GyrZ18;AccX19;AccY19;AccZ19;GyrX19;GyrY19;GyrZ19;AccX20;AccY20;AccZ20;GyrX20;GyrY20;GyrZ20;AccX21;AccY21;AccZ21;GyrX21;GyrY21;GyrZ21;AccX22;AccY22;AccZ22;GyrX22;GyrY22;GyrZ22;AccX23;AccY23;AccZ23;GyrX23;GyrY23;GyrZ23;AccX24;AccY24;AccZ24;GyrX24;GyrY24;GyrZ24;AccX25;AccY25;AccZ25;GyrX25;GyrY25;GyrZ25;AccX26;AccY26;AccZ26;GyrX26;GyrY26;GyrZ26;AccX27;AccY27;AccZ27;GyrX27;GyrY27;GyrZ27;AccX28;AccY28;AccZ28;GyrX28;GyrY28;GyrZ28;AccX29;AccY29;AccZ29;GyrX29;GyrY29;GyrZ29;AccX30;AccY30;AccZ30;GyrX30;GyrY30;GyrZ30;Label
-1982;-148;340;-232;-19;0;-2095;-120;1182;-232;-53;211;-917;-204;994;-235;-163;-301;-1493;-501;1216;-230;-187;178;-1366;-276;1382;-235;-75;89;-1345;-381;1167;-232;-392;131;-1932;-450;1933;-235;-255;-129;-1792;-436;530;-236;-25;-103;-1736;-282;1140;-232;-196;42;-1039;-202;892;-233;125;-266;-1456;-76;1174;-235;-128;-5;-1363;-254;1284;-233;-54;135;-1630;-154;1212;-235;342;-85;-1978;36;1616;-233;333;-167;-1626;-580;784;-235;-128;-66;-1952;77;1264;-233;-204;-47;-1068;-470;1093;-235;-205;-78;-1448;-394;1164;-233;-245;2;-1471;-92;1280;-235;-411;123;-1447;-534;1251;-235;-227;133;-1865;-255;1670;-232;-430;126;-1913;-702;1106;-235;-441;-206;-1302;161;501;-236;-535;-89;-1611;-525;1390;-238;181;-460;-1470;17;1067;-236;-237;-13;-1319;-246;1275;-235;178;71;-1322;-266;1337;-233;305;246;-1782;-229;1331;-235;224;182;-2110;60;1408;-236;537;-2;-1466;-798;1118;-235;331;-132;walk
-1430;87;906;-235;-634;-226;-1182;-396;1069;-240;231;-490;-1648;-107;1136;-238;106;412;-1407;-303;1384;-240;428;170;-1489;-204;1227;-238;470;156;-1610;-358;1369;-236;715;217;-1552;173;1526;-241;759;-96;-1908;-210;769;-236;534;300;-1154;-414;674;-238;533;237;-1391;-190;1072;-241;-267;-323;-1457;-283;1180;-236;-626;15;-1604;-238;1244;-238;-530;-63;-1508;-316;1237;-241;-518;124;-1580;-203;1437;-238;-530;-16;-1498;-200;1413;-240;-615;-244;-1721;-542;966;-241;-234;-185;-1113;-229;942;-238;-529;-522;-1826;-166;1121;-240;64;-83;-1264;-89;1068;-238;-99;103;-1526;-164;1258;-238;248;146;-1550;-328;1290;-235;492;75;-1649;-117;1362;-240;759;92;-1528;-31;1110;-238;837;-22;-1553;-476;1244;-236;1038;-63;-1467;-370;1085;-241;735;262;-1620;-251;1393;-238;459;71;-1470;-315;1293;-241;364;-19;-1535;-287;1210;-238;209;11;-1532;-247;1230;-240;28;35;-1550;-254;1215;-241;-98;29;walk
-960;-175;922;-244;142;-218;-1611;-129;1278;-246;41;146;-1411;-143;1347;-244;-76;21;-1463;-204;1126;-244;265;85;-1786;-412;1902;-244;716;-129;-1919;-329;530;-243;-134;-114;-1768;-230;1317;-244;219;211;-1130;-228;994;-243;-178;-130;-1340;-343;1126;-244;-217;-1;-1445;-250;1240;-241;-344;54;-1426;-406;1289;-244;-335;79;-2000;-184;1844;-244;-455;128;-2022;-781;758;-246;-298;-75;-1562;18;940;-244;-678;-264;-1321;-390;1037;-246;125;-315;-1303;-50;1008;-244;-179;-51;-1408;-174;1235;-243;94;85;-1542;-134;1277;-248;233;107;-1978;-519;1964;-246;347;137;-1910;138;778;-244;494;-240;-1201;-1024;675;-243;1084;188;-1513;56;1053;-243;-52;-168;-1202;-556;1180;-244;163;209;-1513;-328;1224;-246;7;169;-1427;-97;1366;-244;-301;38;-1583;-549;1256;-241;-158;355;-1848;-828;1226;-244;-230;-468;-1296;378;610;-246;-813;-473;-1554;-525;1215;-248;195;-179;-1228;26;997;-246;-450;-229;walk
-1563;474;804;-248;-1341;-295;-1279;-397;939;-249;-255;-196;-1440;-30;1140;-248;-1141;18;-1553;-136;1168;-246;-531;-126;-1334;-231;1330;-251;-325;-91;-1894;-287;1531;-251;-116;-85;-1801;260;946;-246;-118;-244;-1282;-725;556;-244;233;121;-1479;40;1093;-249;-675;-365;-1162;-482;1096;-248;-540;160;-1494;-405;1286;-249;-601;-89;-1388;-332;1210;-248;-468;85;-1461;-301;1168;-246;-479;99;-1708;-566;1517;-248;-706;-660;-1403;-125;475;-248;-426;-138;-2033;-512;1510;-249;-61;-343;-1079;-56;1057;-248;-191;-64;-1558;-208;1336;-249;68;77;-1246;-122;1376;-248;53;6;-1852;-314;1309;-249;48;368;-1917;336;1065;-251;385;127;-1312;-976;967;-249;293;-73;-1884;23;1346;-248;-47;41;-989;-438;1052;-249;67;196;-1512;-426;1288;-248;-15;168;-1376;-65;1258;-249;-140;98;-1613;-497;985;-251;-232;164;-1897;-742;1453;-251;-532;-207;-1560;-227;656;-249;-156;85;-1956;-406;1207;-248;33;177;walk
-1531;-816;876;-257;-42;402;-1331;-177;994;-256;-603;-319;-1205;-361;1110;-257;-580;29;-1440;-336;1346;-256;-433;-15;-1411;-326;1193;-260;-523;93;-1793;-285;1573;-256;-364;129;-1861;-702;1040;-260;-666;-430;-1538;273;678;-260;-492;102;-1326;-372;1023;-259;171;-349;-1323;89;1134;-257;-547;47;-1465;-160;1328;-259;-96;-101;-1359;-283;1267;-260;68;213;-1958;-97;1764;-256;286;-396;-1880;-350;718;-257;-10;-150;-1891;-280;1264;-259;47;199;-1138;-295;966;-257;-291;-154;-1370;-398;1205;-259;-268;185;-1424;-236;1257;-262;-195;69;-1505;-393;1155;-254;-319;158;-2046;-38;1876;-259;-274;-184;-1712;-766;684;-257;-13;-278;-1953;-281;1074;-259;-21;63;-1194;-118;975;-257;272;-138;-1440;-111;1225;-259;29;178;-1325;-52;1431;-260;-105;-153;-1666;-210;1035;-259;187;139;-1886;123;1342;-259;482;-95;-1436;-807;805;-260;200;-152;-1933;18;1300;-257;-18;126;-1005;-494;1092;-260;180;233;walk
-1337;-844;808;-265;466;407;-1326;-194;900;-264;-139;-149;-1136;-414;1164;-262;49;214;-1426;-366;1391;-264;-124;41;-1481;-331;808;-265;-317;18;-2128;-283;1270;-267;-579;-480;-1468;115;435;-265;-345;-524;-1719;-645;1277;-267;365;-150;-1213;176;1094;-264;-318;22;-1512;-203;1338;-265;239;106;-1161;-200;1323;-264;-1;-16;-2145;-500;1884;-267;343;-70;-1908;24;789;-267;-152;153;-2118;-382;1336;-265;78;343;-984;-234;808;-264;-256;-68;-1282;-319;1204;-262;-84;154;-1327;-300;1339;-264;-164;59;-1680;-740;1039;-268;-316;366;-2102;-726;1227;-267;-423;-376;-1474;322;415;-264;-445;317;-1295;-438;980;-265;381;-529;-1355;98;1129;-267;-335;188;-1402;-132;1410;-268;113;-131;-1708;-133;1086;-270;179;50;-1977;-32;987;-268;486;-46;-1061;-951;404;-267;477;-123;-1569;10;1016;-268;-131;-78;-966;-541;1132;-267;52;268;-1409;-373;1356;-268;-163;72;-1354;-216;1018;-267;-354;-8;walk
-1326;317;414;-270;280;120;-1432;-415;1130;-272;665;-171;-1275;-99;1165;-273;261;223;-1414;-102;1491;-272;546;-122;-1427;-37;918;-270;394;111;-2105;20;1406;-273;1122;16;-1362;-1179;864;-275;1105;-143;-1992;58;1109;-276;589;423;-1089;-428;1089;-272;1025;577;-1398;-369;1242;-273;441;210;-1320;-140;1206;-275;57;-16;-2580;330;1763;-273;-55;-196;-1400;-682;569;-275;339;-452;-2060;-450;1378;-276;556;-289;-1047;-48;826;-273;522;-162;-1388;-157;1342;-272;455;200;-1350;-119;1332;-273;315;91;-2042;-410;1688;-272;206;102;-1978;139;767;-267;422;-84;-1919;-561;1356;-275;82;627;-1152;-257;921;-273;-18;-378;-1221;-365;1303;-275;122;260;-1252;-326;1454;-270;-53;-33;-1759;-792;928;-275;-329;589;-1968;-880;1357;-273;-458;-359;-1502;348;520;-276;-354;418;-1415;-418;957;-273;448;-333;-1294;61;1162;-276;-378;295;-1335;-162;1381;-272;120;-4;-1774;-74;997;-280;98;277;walk
-1715;-78;620;-275;-139;-108;-2303;-132;1710;-280;-167;-244;-762;-456;808;-278;-44;-63;-1438;-276;1388;-280;-174;252;-1282;-195;1451;-278;-255;-194;-2507;-202;2005;-278;-101;21;-1788;-612;794;-276;-40;-254;-2138;-356;1517;-278;214;115;-893;39;974;-276;-35;-259;-1403;-273;1436;-281;-2;320;-1136;-191;1458;-280;-82;-159;-2316;-439;1946;-278;24;168;-1700;-15;836;-276;-60;20;-2599;-254;1842;-278;-301;62;-846;-228;956;-276;-165;-222;-1314;-381;1318;-278;-259;328;-1327;-246;1549;-276;-187;-187;-2080;-340;1790;-276;-154;434;-1676;-1169;1086;-281;-260;-116;-2131;14;1160;-283;-66;464;-1075;-236;968;-281;299;-378;-1394;-76;1274;-280;-263;366;-1285;-86;1532;-281;41;-93;-2002;-168;1318;-276;57;277;-2024;321;931;-281;26;-70;-1912;-804;968;-280;167;1103;-1086;-223;895;-280;-323;-114;-1161;-380;1232;-280;0;502;-1323;-448;1384;-280;-46;-79;-1420;-662;590;-275;-201;228;walk
-844;-499;842;-281;-112;33;-1511;-286;1322;-283;-336;244;-1167;-318;1319;-278;-100;-137;-2048;-631;1533;-280;-240;489;-1612;-1180;1005;-283;-201;-113;-2248;-8;1325;-281;-125;201;-1080;-204;820;-286;340;-281;-1330;-64;1197;-284;-109;212;-1240;-98;1445;-283;67;-39;-2170;-244;1379;-281;153;260;-2064;437;854;-283;121;-165;-1884;-812;1140;-284;98;860;-1130;-195;880;-280;-115;-284;-1176;-331;1236;-283;37;446;-1323;-376;1420;-284;-198;95;-1740;-947;1270;-283;-178;564;-1784;-988;1123;-284;-321;-391;-2082;223;1043;-283;-242;521;-1090;-291;888;-281;250;-286;-1379;-80;1267;-286;-371;171;-1332;-102;1495;-286;15;-175;-2249;-207;1437;-288;-101;442;-1946;346;848;-283;-18;-39;-2110;-654;1337;-281;103;617;-1165;-256;810;-283;-210;-123;-1195;-344;1275;-284;43;474;-1304;-351;1340;-280;-117;51;-1721;-746;1048;-284;-394;583;-1757;-1035;1291;-284;-242;-329;-1587;166;617;-283;-217;530;walk
-2478;35;1944;-286;-126;-736;-1468;-305;372;-288;55;-600;-1862;-567;1406;-286;518;-110;-899;165;1002;-284;-68;-30;-1461;-238;1490;-286;137;47;-1488;-247;936;-286;278;345;-1932;78;1718;-284;475;-602;-1347;-1140;540;-286;408;-325;-1870;118;1143;-288;87;66;-948;-550;990;-286;-41;201;-1398;-354;1232;-288;-142;120;-1390;-182;1302;-289;-254;-103;-2138;-272;1736;-288;-162;76;-1617;-946;940;-286;-191;-110;-1880;-334;1004;-288;-99;101;-1132;-95;872;-288;241;-363;-1518;-93;1159;-286;-191;240;-1442;-142;1228;-288;-100;-64;-1509;-264;1094;-286;304;162;-1776;-413;1862;-288;582;-448;-1771;-530;615;-289;-65;-51;-2117;-32;1168;-288;270;109;-977;-391;919;-289;-264;-263;-1353;-522;1202;-288;16;267;-1444;-342;1221;-288;21;55;-1430;-288;1185;-286;-284;149;-1802;-310;1563;-286;-318;7;-1904;-681;904;-289;-492;-26;-1734;138;738;-284;-391;-223;-1579;-610;1208;-289;242;-242;walk
-1454;38;660;-286;-385;-176;-1303;-367;958;-288;362;-191;-1412;-42;1024;-286;-166;225;-1479;-120;1227;-288;160;41;-1383;-234;1316;-289;149;43;-1769;-436;1419;-288;202;94;-1931;115;1050;-286;388;-58;-1560;-974;932;-288;768;272;-1655;-37;1117;-286;-101;-172;-1068;-489;1050;-289;102;309;-1507;-398;1255;-284;-31;41;-1447;-86;1198;-286;-298;61;-1437;-460;1088;-288;-226;14;-1977;0;1628;-286;-668;-372;-1704;-411;714;-288;-150;-18;-1932;-449;1094;-286;-522;-3;-1106;-56;890;-284;-131;-188;-1529;-251;1222;-286;-183;120;-1339;-169;1348;-288;-82;-90;-1608;-289;1171;-288;330;122;-1969;73;1344;-289;538;-143;-1707;-916;1160;-286;341;-357;-2133;-34;1263;-286;-8;310;-933;-561;1015;-284;100;-24;-1466;-428;1138;-286;-62;177;-1416;-218;1223;-288;-51;-47;-1458;-441;1219;-286;-285;156;-1745;-260;1486;-288;-480;-62;-1783;-914;853;-289;-222;-285;-1763;-10;808;-286;-610;-58;walk
-1415;-794;676;-289;980;402;-1467;-89;1009;-288;-92;-145;-1113;-432;1131;-289;266;221;-1491;-416;1287;-291;40;91;-1356;-263;1333;-286;19;-122;-1767;-248;1587;-291;-107;257;-1780;-896;1033;-284;-110;98;-1682;-33;746;-289;-687;23;-1490;-346;1033;-288;316;14;-1230;-29;1012;-286;-522;-2;-1540;-180;1231;-291;14;134;-1366;-180;1300;-286;-8;-47;-1693;-349;1350;-288;156;71;-1916;168;1304;-289;408;-13;-1539;-767;1036;-288;269;-65;-2033;-164;1354;-286;-132;92;-1049;-412;938;-288;15;18;-1428;-309;1219;-289;-109;64;-1395;-268;1251;-288;-99;88;-1443;-369;1250;-289;-303;-91;-2063;-66;1829;-289;-415;-249;-1737;-387;698;-288;-252;-162;-1826;-392;1096;-289;-354;5;-1228;-8;1053;-294;-159;-247;-1339;-242;1183;-289;-127;83;-1467;-177;1374;-288;-137;-24;-1433;-211;1102;-289;239;69;-1852;-329;1877;-286;561;-224;-1930;-407;828;-291;187;39;-1528;-538;894;-289;548;389;walk
-1426;325;496;-291;-601;-434;-1553;-557;1136;-294;533;58;-1180;146;1063;-292;-437;-60;-1471;-217;1314;-292;242;200;-1383;-239;1406;-292;92;-108;-1567;-285;1226;-294;308;109;-1889;334;1405;-296;652;-105;-1553;-823;895;-291;302;-200;-2177;103;1207;-289;-228;-45;-848;-391;956;-297;-107;-82;-1430;-418;1286;-292;-177;-38;-1455;-228;1316;-292;-99;-17;-1370;-428;1220;-294;-240;64;-1793;-30;1646;-292;-562;-131;-1872;-839;902;-294;-352;-291;-1572;114;738;-292;-550;-158;-1165;-435;1120;-297;257;-21;-1303;24;1038;-296;-323;3;-1550;-222;1325;-296;325;214;-1292;-222;1346;-294;186;-70;-1662;-297;1418;-292;286;125;-1712;118;1546;-294;664;-228;-1460;-744;812;-296;479;-17;-2355;-155;1348;-297;-71;213;-901;-269;891;-296;137;12;-1338;-305;1232;-294;108;71;-1490;-228;1342;-296;17;76;-1458;-409;1296;-294;-135;-17;-1881;-132;1838;-296;-504;-257;-1737;-403;766;-296;-273;-132;walk
-1263;-900;512;-297;941;218;-1730;-71;1041;-299;-264;-254;-1056;-489;1099;-294;87;303;-1462;-436;1291;-302;-67;102;-1370;-74;1224;-300;-360;20;-1495;-552;1133;-302;-166;28;-1930;-242;1698;-297;-519;-587;-1742;-244;676;-300;-125;-41;-1870;-515;1108;-299;-271;62;-1216;-16;982;-300;-131;-169;-1291;-228;1100;-299;27;216;-1529;-178;1364;-300;80;8;-1597;-150;996;-299;227;165;-1739;-122;1624;-299;658;-436;-1443;-697;572;-300;686;-300;-2112;20;1342;-299;-4;116;-1043;-548;991;-304;46;78;-1347;-310;1156;-299;-51;48;-1452;-217;1325;-299;-68;46;-1426;-464;1178;-300;-260;-7;-2012;22;1722;-302;-510;-313;-1758;-157;829;-300;-167;-172;-2008;-426;1233;-302;-314;-73;-1104;13;989;-302;-143;-254;-1320;-197;1140;-302;-188;293;-1536;-254;1395;-302;-116;-5;-1338;-294;1056;-304;294;71;-1814;-264;1848;-305;649;-307;-1927;-592;1044;-307;7;-127;-1816;-450;1191;-305;116;453;walk
-1676;57;641;-305;-848;-110;-1384;-422;1030;-304;515;-44;-1239;14;1040;-304;-510;62;-1582;-227;1341;-305;158;229;-1310;-192;1360;-307;92;-102;-1778;-336;1374;-302;238;230;-2012;238;946;-300;465;255;-1105;-839;745;-308;691;-588;-2062;-171;1281;-307;-153;-248;-988;-431;1049;-300;74;161;-1348;-292;1276;-305;-78;118;-1373;-288;1323;-304;-60;12;-1496;-585;1127;-305;-68;146;-1639;-669;1269;-304;-776;-423;-1739;203;794;-305;-344;-246;-1850;-561;1330;-304;78;-142;-1028;111;968;-307;-351;-200;-1439;-308;1221;-305;86;344;-1502;-142;1390;-307;-73;-188;-1634;-209;1111;-305;212;213;-1703;157;1725;-307;523;-304;-1430;-792;530;-305;430;-190;-2347;51;1309;-304;-125;6;-918;-402;848;-308;-134;17;-1262;-324;1102;-307;-32;82;-1513;-268;1352;-310;-15;46;-1478;-464;1186;-308;-49;-3;-1942;70;1729;-308;-504;-459;-1708;-234;744;-305;-9;-122;-2105;-251;1153;-310;-462;1;walk
-2199;188;1337;-307;122;68;-1236;-833;766;-308;658;-237;-1893;-230;1215;-310;-353;-121;-999;-356;991;-308;-41;134;-1307;-445;1242;-308;-195;51;-1419;-240;1311;-310;-174;43;-1485;-512;1171;-305;-148;-5;-1789;-538;1418;-310;-559;-520;-1556;254;354;-312;-394;-453;-1593;-639;1242;-310;431;-183;-923;70;942;-308;-259;-252;-1605;-155;1302;-312;315;327;-1260;-201;1316;-310;45;-153;-1890;-291;1412;-308;58;218;-2007;-24;890;-310;496;116;-1317;-915;694;-308;598;187;-1582;-302;1093;-310;-210;-229;-1054;-406;1080;-308;-13;175;-1414;-404;1275;-310;-199;85;-1301;-118;1256;-308;-284;-38;-1639;-590;1345;-310;-156;192;-2045;-1005;1072;-308;-302;-258;-1501;106;463;-308;-667;-148;-1407;-426;1034;-310;266;-1;-1075;45;887;-312;-411;-74;-1470;-278;1270;-310;291;241;-1390;-182;1338;-312;68;-165;-1784;-463;1538;-310;228;193;-1964;115;1263;-312;322;93;-1368;-1080;921;-310;453;107;walk
-2255;159;1313;-310;160;-101;-1038;-1064;319;-312;862;219;-1649;-171;1104;-310;-182;-224;-976;-488;1123;-313;188;394;-1422;-382;1308;-315;-179;79;-1322;-159;1307;-313;-225;-36;-1836;-341;1612;-312;-267;233;-1705;-976;1045;-310;-225;-135;-1726;222;589;-315;-737;162;-1372;-427;988;-312;299;35;-1174;4;982;-313;-414;32;-1542;-207;1295;-315;22;153;-1370;-264;1191;-313;169;-3;-2037;-396;1923;-312;293;-144;-1933;0;583;-310;328;5;-1537;-669;847;-315;668;575;-1346;-306;1053;-313;-126;-315;-1243;-372;1212;-312;111;182;-1438;-350;1320;-310;-65;173;-1353;-190;1214;-308;-303;7;-1928;-295;1806;-313;-229;16;-1548;-880;862;-310;-304;-416;-1682;89;666;-312;-638;2;-1376;-323;863;-312;173;-58;-1133;-54;922;-315;-546;47;-1543;-263;1394;-313;174;138;-1301;-308;1161;-312;230;0;-1883;-388;1886;-313;590;-237;-2013;-440;712;-312;165;-46;-1924;-391;1118;-316;371;510;walk
-1319;-459;1155;-312;-633;-127;-1460;-55;1428;-313;-810;-185;-1410;-604;1091;-312;-352;-89;-1960;104;1888;-308;-1044;-494;-1373;-88;276;-313;-797;-390;-2024;-620;1392;-312;-443;-50;-1213;-47;1052;-313;-973;-251;-1420;-332;1154;-315;-475;93;-1466;-106;1332;-312;-527;-54;-1597;-286;1115;-310;-178;49;-1813;81;1689;-312;239;-475;-1434;-642;220;-313;-115;-149;-1994;-144;1271;-312;-388;103;-991;-331;974;-313;-426;-56;-1404;-505;1263;-312;-414;3;-1460;-133;1333;-316;-540;-218;-1429;-410;1258;-313;-244;-119;-1946;84;1766;-315;-861;-346;-1706;-492;699;-313;-252;-150;-1893;-288;998;-312;-703;-15;-1442;-275;1132;-310;-118;3;-1264;-130;1107;-315;-531;131;-1489;-140;1270;-315;-127;122;-1454;-201;1209;-316;130;-59;-1846;-635;1968;-312;588;-107;-1994;-241;755;-313;86;55;-1703;-395;946;-315;436;453;-1260;-293;941;-316;-307;-252;-1236;-366;1208;-316;25;153;-1448;-346;1317;-315;-104;68;walk
-1004;-798;623;-313;1422;326;-1531;-145;1053;-315;386;34;-1254;-494;1168;-313;710;338;-1457;-588;1139;-312;557;267;-1433;-147;1204;-312;226;174;-1543;-299;1205;-313;96;59;-1724;-398;1518;-315;-104;-191;-1877;-916;858;-316;243;-110;-1455;14;681;-315;-69;-216;-1497;-477;1164;-310;864;-99;-1208;-236;948;-312;664;-75;-1546;-184;1203;-312;857;148;-1420;-172;1218;-310;766;108;-1505;-381;1256;-315;876;302;-1734;-190;1785;-313;1205;-158;-1811;-546;795;-315;667;240;-1422;-485;765;-310;1452;666;-1224;-354;898;-315;669;97;-1398;-431;1166;-310;857;243;-1423;-470;1152;-316;727;277;-1519;-242;1374;-312;459;0;-1715;-507;1296;-312;202;350;-1610;-874;1279;-312;61;-380;-1450;90;529;-313;-255;-212;-1566;-557;1242;-315;675;-147;-1088;19;857;-310;79;-137;-1546;-200;1260;-315;427;371;-1461;-197;1247;-315;199;-36;-1626;-359;1233;-312;267;251;-1727;119;1441;-315;550;-143;walk
-1817;-412;991;-315;19;394;-1295;-230;986;-312;-502;-328;-1160;-418;1102;-315;-607;175;-1533;-227;1366;-315;-412;-86;-1423;-450;1202;-315;-460;59;-1837;-167;1670;-312;-699;-20;-1862;-864;927;-313;-712;-426;-1430;253;573;-315;-849;-331;-1612;-563;1111;-313;-271;-443;-1075;110;944;-316;-674;-28;-1593;-290;1335;-315;-239;-5;-1235;-262;1391;-315;-100;-170;-2145;-436;1943;-315;34;39;-1908;-11;825;-313;-226;152;-1996;-512;1204;-315;260;147;-1193;-249;892;-313;-348;-337;-1182;-515;1208;-312;-157;302;-1480;-346;1350;-312;-46;-94;-1440;-334;1170;-315;-177;209;-1886;-78;1785;-315;-214;-100;-1616;-970;909;-313;-327;-455;-1494;68;751;-315;-397;-6;-1429;-263;1064;-316;418;-244;-1248;6;1112;-313;-376;181;-1495;-140;1380;-315;36;110;-1376;-269;1284;-315;-31;-21;-2189;-629;2174;-312;452;-39;-1728;-114;736;-316;-71;98;-2365;-380;1584;-315;-38;168;-1000;-362;1011;-316;-257;-416;walk
-1470;-1077;887;-315;632;555;-1310;50;908;-315;-267;-240;-1115;-524;1190;-316;177;320;-1433;-443;1243;-318;-99;-62;-1390;-252;1162;-313;-247;61;-2329;6;1993;-312;-160;-508;-1547;-558;444;-316;102;-286;-1977;-472;1393;-318;91;-271;-875;125;945;-313;-293;-40;-1453;-405;1359;-315;-83;190;-1141;-194;1384;-318;15;-78;-2282;-580;2002;-313;-36;104;-1858;-91;550;-315;-70;348;-2073;-211;1566;-313;183;46;-926;-404;907;-315;-6;10;-1471;-334;1218;-313;21;185;-1208;-310;1333;-315;74;11;-1723;-854;1002;-313;-218;266;-1915;-1074;1091;-316;-290;-342;-1884;127;693;-312;-70;305;-1188;-223;890;-316;233;-370;-1176;-12;1058;-315;-374;118;-1460;-104;1410;-313;-178;-91;-1464;-150;868;-318;33;228;-1827;-102;1533;-313;414;-262;-1416;-889;800;-313;116;-103;-2054;-55;1320;-315;-169;-96;-990;-523;1033;-315;32;111;-1314;-306;1200;-315;-154;94;-1312;-232;1390;-316;-170;-29;walk
-1618;-1196;1136;-312;-356;-332;-2029;-9;870;-315;-425;386;-1133;-220;832;-316;435;-257;-1339;-57;1124;-316;-349;326;-1420;-100;1388;-315;32;-88;-1518;-258;1008;-313;185;211;-1848;-41;1576;-312;579;-485;-1274;-1149;460;-313;459;-184;-1875;154;1213;-315;-13;-214;-691;-565;991;-316;79;292;-1552;-426;1323;-318;-31;80;-1265;-198;1342;-315;-85;-109;-2175;-240;1834;-316;-164;155;-1338;-1195;938;-315;-334;-560;-2342;26;1006;-313;-387;332;-1111;-160;989;-315;108;-311;-1303;-106;1176;-313;-400;292;-1476;-92;1402;-313;-73;-121;-1568;-166;1072;-312;27;153;-1851;-49;1478;-313;517;-292;-1150;-1126;193;-318;348;271;-1794;42;1174;-316;-213;-273;-786;-529;1058;-312;194;448;-1485;-456;1380;-313;-79;44;-1300;-147;1304;-312;-87;-55;-2281;27;1954;-313;-168;-79;-1612;-830;659;-315;129;-8;-2421;-244;1318;-313;-237;-34;-1033;-76;1048;-315;-122;-344;-1327;-226;1305;-312;-153;138;walk
-2281;-355;1878;-318;-73;-165;-1745;-430;615;-315;35;-206;-1957;-358;1148;-316;-31;29;-1000;5;999;-318;0;-246;-1356;-206;1242;-312;14;148;-1203;-174;1448;-318;-114;-177;-2139;-129;1500;-313;25;206;-2138;50;748;-318;-80;218;-2120;-551;1359;-316;11;730;-1124;-312;786;-315;-404;-378;-1171;-426;1270;-312;-7;335;-1370;-446;1382;-315;-176;45;-1489;-492;683;-315;-264;182;-2235;-857;1081;-316;-181;-103;-1177;45;229;-315;-335;-526;-1436;-516;1093;-313;549;-231;-1134;187;1014;-318;-401;15;-1448;-220;1419;-316;103;10;-1222;-270;1072;-315;117;67;-2034;-432;2195;-315;664;-472;-1774;-525;674;-316;-6;241;-2203;46;1390;-315;-52;-51;-749;-501;830;-316;-260;-122;-1384;-290;1250;-315;-254;282;-1317;-364;1339;-316;-222;-56;-1724;-819;1228;-315;-287;359;-1759;-1098;1081;-315;-256;-29;-1875;22;836;-316;-374;660;-1254;-353;853;-318;553;-201;-1198;32;1134;-313;-334;177;walk
-2307;-87;1023;-316;-362;305;-1200;-246;974;-315;123;-161;-1276;-112;1169;-316;-261;171;-1335;-178;1396;-321;9;-135;-1728;-163;1086;-316;175;275;-1816;-42;1310;-313;790;-129;-1312;-1402;934;-318;490;165;-1727;-426;1129;-316;524;133;-1035;-388;1032;-315;601;777;-1475;-504;1364;-316;824;326;-1374;-198;1227;-315;318;40;-2084;-533;1874;-313;687;23;-1697;-560;884;-315;389;-10;-2057;-243;969;-316;202;241;-1332;-36;1063;-313;449;-103;-1250;-100;1178;-318;118;89;-1391;-114;1456;-316;-80;-168;-1613;-334;1192;-315;26;249;-2033;175;1805;-313;471;-532;-1474;-766;826;-318;-201;-233;-1902;-253;1336;-313;-390;-91;-957;-369;1032;-320;-260;30;-1341;-449;1330;-315;-402;32;-1328;-147;1388;-316;-439;-33;-1597;-561;1119;-315;-402;60;-1868;-347;1697;-316;-847;-679;-1414;54;363;-318;-634;-164;-1990;-678;1532;-318;-154;-157;-1081;34;982;-313;-655;-71;-1514;-310;1316;-315;-184;24;walk
-2056;89;1133;-316;211;-23;-1123;-895;572;-313;631;399;-1551;-214;1070;-315;-265;-311;-980;-420;1128;-313;37;381;-1466;-462;1389;-318;-175;1;-1347;-173;1346;-316;-372;-3;-2074;-372;1844;-318;-243;-61;-1849;-821;633;-316;26;-283;-1901;-302;1036;-318;-345;215;-1059;-247;949;-318;135;-147;-1383;-229;1254;-313;-282;202;-1296;-160;1336;-315;-235;-111;-1664;-330;1080;-316;-41;188;-2117;172;1216;-315;-75;-150;-1084;-748;502;-316;-61;-142;-1684;-298;1198;-318;-556;-343;-927;-422;960;-316;-575;51;-1507;-547;1361;-316;-617;-66;-1392;-76;1274;-315;-664;-132;-1838;-388;1611;-316;-386;183;-1526;-857;810;-315;-617;-705;-1901;-234;1075;-316;-624;238;-1281;-76;983;-316;-283;-209;-1294;-261;1167;-318;-727;103;-1364;-168;1325;-316;-390;-76;-1810;-149;1087;-318;-116;307;-2066;172;1548;-316;-45;-284;-1106;-793;-160;-313;46;183;-1679;-100;1298;-315;-433;-267;-964;-513;925;-313;-158;253;walk
-2034;-472;2111;-318;326;-430;-1661;-231;524;-315;-264;-28;-2212;-191;1420;-316;-223;-237;-856;-269;810;-315;-304;-289;-1382;-524;1244;-320;-406;154;-1318;-207;1346;-315;-447;-74;-1566;-568;1086;-318;-346;116;-2176;-949;1297;-316;-858;-265;-1255;293;401;-315;-967;23;-1607;-338;1080;-316;-35;-169;-1228;-98;1110;-318;-1109;39;-1539;-244;1209;-316;-468;28;-1400;-88;1302;-320;-436;-309;-1929;-749;1631;-318;-113;61;-1943;486;765;-320;-609;-314;-1575;-764;693;-315;-23;327;-1302;-197;907;-316;-522;-591;-1225;-501;1109;-315;-555;185;-1412;-388;1314;-318;-395;-150;-1318;-365;1179;-316;-230;-5;-1970;-152;1801;-315;-339;-109;-1638;-875;935;-316;-302;-229;-1619;84;842;-315;-455;-2;-1297;-354;1110;-316;322;-129;-1331;-146;1201;-313;37;143;-1436;-191;1340;-315;302;149;-1491;-248;1282;-320;379;82;-1693;-602;2002;-318;817;-98;-2064;-355;671;-316;393;366;-1745;-364;1291;-315;1014;294;walk
-1450;198;789;-315;-291;-64;-1479;-400;1120;-318;799;-108;-1170;-39;1092;-316;123;76;-1476;-176;1461;-318;537;86;-1554;-155;1196;-316;346;161;-1806;-368;1974;-318;733;-106;-1592;-171;487;-320;530;46;-1668;-730;1371;-315;1053;408;-1134;-440;1058;-315;397;-141;-1427;-341;1332;-320;537;520;-1434;-343;1252;-318;419;205;-1507;-117;1171;-316;-112;153;-2138;53;1793;-318;-29;-193;-1746;-941;663;-320;233;-53;-1661;23;796;-315;-39;17;-1403;-271;1008;-320;591;-104;-1246;-258;1100;-316;341;172;-1508;-118;1316;-318;409;54;-1323;-30;1080;-316;39;-233;-1810;-592;1942;-318;781;-85;-1951;-304;979;-316;-96;43;-1986;-336;1305;-318;-31;31;-1318;-294;1064;-316;-286;-264;-1148;-475;1246;-321;-207;83;-1374;-343;1416;-318;-323;-36;-1392;-350;1265;-316;-481;-30;-1936;18;1819;-318;-724;-267;-1753;-312;514;-316;-642;-500;-1952;-635;1379;-318;-347;256;-1010;-91;1079;-318;-581;-260;walk
-2169;-36;1859;-320;-156;-182;-1752;-610;358;-321;289;-64;-1950;-286;1118;-321;27;8;-1208;-261;904;-320;160;-332;-1258;-212;1144;-321;50;144;-1364;-126;1346;-320;98;12;-1730;-232;1086;-321;355;285;-1794;14;1548;-320;713;-215;-1134;-1247;490;-318;581;207;-1937;-72;1144;-320;167;243;-894;-507;948;-318;621;296;-1472;-473;1194;-318;371;269;-1296;-244;1277;-318;251;13;-1653;-848;1039;-321;15;356;-1896;-992;1336;-320;156;-222;-1447;98;285;-318;14;275;-1588;-546;1123;-320;870;-126;-1090;77;928;-321;78;85;-1491;-234;1292;-318;508;49;-1326;-178;1258;-324;176;-47;-2060;-366;1798;-318;352;-96;-2044;-190;650;-320;-35;155;-1888;-447;1262;-318;407;350;-1204;-298;815;-320;-84;-162;-1145;-447;1226;-321;176;176;-1302;-366;1276;-316;-64;15;-1555;-609;1017;-318;-227;122;-1885;-189;1634;-318;-485;-579;-1267;274;63;-320;-776;-189;-2030;-546;1276;-318;-54;-130;walk
-1566;-1316;1356;-318;-637;-356;-1847;384;631;-321;-470;262;-1542;-369;1004;-320;125;-219;-990;-5;1042;-321;-520;121;-1548;-231;1460;-323;-209;-146;-1612;-227;1202;-320;12;194;-1943;-525;2169;-321;154;-520;-1863;-332;258;-323;-313;-81;-2188;-97;1313;-318;-210;-124;-940;-374;923;-323;-343;-449;-1244;-500;1150;-323;-362;118;-1473;-224;1355;-321;-426;-60;-1420;-547;1036;-320;-332;106;-2024;-106;1756;-318;-802;-861;-1455;284;544;-323;-750;-221;-1885;-647;1357;-320;-252;-432;-864;5;993;-321;-593;-125;-1654;-269;1357;-321;-176;134;-1342;-208;1530;-321;-141;-287;-1951;-236;1445;-320;-177;284;-1913;344;636;-318;37;-37;-1584;-1154;986;-320;581;535;-1306;-68;928;-320;-103;-296;-1016;-430;1100;-318;134;282;-1638;-451;1407;-318;235;106;-1438;-39;1095;-318;-154;86;-2023;158;1817;-320;-298;-199;-1773;-808;525;-318;139;-79;-2189;-260;1002;-320;12;-104;-1138;-290;906;-318;787;-216;walk
-1304;-451;1164;-320;-261;189;-1415;-247;1344;-321;-123;6;-1504;-403;905;-320;-323;147;-2122;-175;1832;-320;-405;-571;-1585;-262;614;-324;-272;-195;-1954;-528;1300;-320;202;-104;-1062;-122;1020;-324;59;-202;-1434;-190;1269;-323;340;294;-1254;-158;1380;-320;172;27;-1824;-100;1130;-321;213;291;-2086;199;1306;-323;697;-40;-1184;-1563;510;-318;1192;460;-1671;-104;1140;-323;171;157;-973;-376;1028;-321;806;402;-1488;-556;1192;-323;519;307;-1391;-78;1223;-320;154;35;-1934;-516;1396;-321;217;158;-1438;-982;1265;-320;316;-415;-1615;-30;523;-321;-60;297;-1457;-502;1089;-320;1034;-177;-1153;34;1006;-318;271;200;-1484;-166;1468;-320;639;12;-1341;-163;990;-320;314;72;-1789;-562;1984;-321;731;-144;-1800;-157;686;-323;248;397;-1692;-628;1267;-321;865;482;-1223;-402;886;-320;162;-201;-1178;-353;1130;-318;260;295;-1450;-379;1324;-320;180;110;-1463;-344;1047;-318;-254;92;walk
-1595;-859;573;-321;424;14;-2094;-111;1233;-323;152;106;-984;-394;904;-324;279;-77;-1425;-458;1228;-326;206;226;-1420;-188;1322;-321;56;29;-1430;-426;922;-324;-354;58;-1836;-235;1510;-323;-788;-419;-1628;-230;358;-321;-298;-80;-2015;-539;1319;-323;-54;0;-1021;-84;936;-324;-531;-200;-1584;-255;1276;-326;-127;91;-1225;-197;1400;-324;-236;-167;-2002;-418;1411;-323;117;335;-1983;412;1402;-321;43;-21;-1221;-1130;476;-326;187;228;-1703;-71;1202;-321;-285;-201;-868;-356;994;-321;-202;85;-1522;-445;1344;-323;-175;72;-1370;-89;1374;-321;-314;-19;-1803;-510;1545;-326;-383;118;-1745;-1038;906;-321;-452;-658;-1998;57;822;-323;-899;208;-1241;-350;1025;-321;-65;0;-1210;-64;1171;-326;-780;207;-1540;-141;1271;-323;-136;12;-1369;-192;1131;-321;-404;-65;-1859;-600;1946;-323;555;-431;-2010;-278;667;-321;-738;120;-2202;-315;1129;-323;91;29;-1100;-126;791;-318;-461;-386;walk
-1022;106;1036;-326;-498;-40;-1457;-236;1326;-324;122;-7;-1217;-280;1115;-323;-32;64;-2101;-568;2091;-321;229;-181;-1651;153;636;-321;-150;64;-2209;-797;1445;-321;457;101;-1280;-222;916;-324;-261;-493;-1009;-498;1177;-323;-100;144;-1470;-273;1451;-321;-237;20;-1376;-273;1198;-323;-673;17;-1947;108;1739;-321;-825;-263;-1682;-794;722;-324;-505;-337;-1384;-2;870;-321;-1072;-92;-1486;-265;1065;-324;-199;-275;-1278;-195;1212;-323;-966;116;-1477;-187;1280;-324;-444;-57;-1305;-324;1348;-323;-272;32;-1982;-680;1856;-324;-11;-15;-1694;245;581;-323;-398;-70;-2037;-606;1175;-324;179;387;-1227;-178;825;-324;-465;-561;-1358;-524;1160;-323;-528;52;-1453;-268;1328;-321;-582;-277;-1437;-534;1023;-323;-181;22;-1648;-88;1553;-321;-634;-137;-1851;-786;1142;-321;-436;-334;-1927;33;1089;-320;-711;-58;-1550;-243;1127;-324;-178;77;-1250;-52;977;-326;91;102;-1607;-373;1145;-321;254;66;walk
-1252;-561;1215;-320;278;152;-1240;-557;1331;-323;222;-35;-1811;-826;1291;-318;462;80;-1999;-167;1269;-323;-101;-309;-1463;-384;1180;-321;1305;399;-1234;260;905;-321;702;207;-1588;-93;1253;-320;892;219;-1294;-167;1216;-321;584;168;-1762;-77;1261;-323;375;101;-1758;54;1721;-321;226;-396;-1484;-988;239;-323;-167;364;-1622;181;1142;-318;-893;-74;-880;-416;676;-320;-859;45;-1594;-477;1129;-321;-970;-261;-1379;-476;1230;-321;-594;92;-1621;-443;1202;-321;-167;20;-2186;-256;1146;-321;-612;-240;-1532;-88;647;-320;-646;-175;-1450;-403;1155;-321;241;-475;-1258;-58;991;-320;-372;-127;-1406;-354;1304;-323;353;43;-1351;-193;1429;-324;345;-40;-1906;-480;1782;-321;541;-247;-1776;-586;611;-321;647;27;-2024;-110;1254;-323;438;352;-892;-499;851;-324;469;37;-1466;-450;1206;-323;438;343;-1360;-315;1218;-321;398;182;-1544;-452;938;-323;-119;68;-2116;-481;1338;-321;49;-327;walk
-1679;-1004;1042;-318;4;-249;-2014;-142;1014;-320;223;-16;-1298;-188;974;-321;572;-469;-1210;-26;1220;-323;351;277;-1432;-184;1458;-324;540;92;-1429;-169;974;-323;120;351;-1808;-262;1972;-321;823;-112;-1662;-622;802;-321;283;230;-2066;-226;1296;-320;250;358;-1116;-504;959;-321;468;268;-1311;-350;1164;-320;318;321;-1392;-289;1310;-324;190;97;-1351;-732;833;-320;98;163;-1898;-812;1332;-321;-474;12;-1385;150;193;-320;-415;-176;-1766;-641;1234;-321;755;-311;-910;87;974;-321;-281;6;-1610;-161;1396;-323;260;97;-1243;-164;1210;-321;-145;-75;-2030;-618;1850;-323;268;21;-1781;138;654;-318;-213;213;-2138;-560;1341;-323;359;292;-1237;-176;948;-321;-255;-544;-972;-475;1180;-321;-186;241;-1532;-416;1379;-320;-314;103;-1306;-265;1071;-321;-337;126;-2196;144;1729;-323;-656;-561;-1568;-164;315;-321;-336;-302;-2233;-586;1419;-318;-164;82;-816;2;941;-320;-724;-315;walk
-2227;-87;819;-321;-106;539;-1383;-302;1053;-320;614;-524;-1194;-5;1093;-321;53;265;-1421;-2;1425;-320;-52;-25;-1597;-365;1050;-321;139;166;-2049;-1;1372;-318;413;-353;-1058;-869;389;-323;338;134;-1809;-85;1198;-318;-512;-267;-859;-324;934;-323;-485;126;-1352;-453;1217;-321;-614;73;-1358;-224;1269;-323;-689;-70;-2170;-250;1777;-321;-490;104;-1504;-745;657;-318;-701;-579;-2384;-591;1222;-320;-340;421;-1140;51;815;-321;-616;-343;-1323;-240;1197;-323;-576;175;-1426;-225;1515;-321;-444;-177;-1776;-108;1108;-320;-258;147;-2148;359;1088;-320;-157;-71;-1218;-1267;291;-321;289;314;-1659;-33;1229;-323;-469;-277;-840;-440;934;-321;-312;261;-1570;-588;1466;-320;-142;-49;-1249;-82;1328;-321;-218;-1;-2058;-158;1633;-320;-163;90;-1727;-817;1156;-320;9;-134;-2152;-189;1064;-321;-177;17;-1164;-229;1022;-320;585;-474;-1316;-63;1272;-321;-288;219;-1267;-121;1502;-320;283;-65;walk
-1490;211;470;-320;-791;-274;-1684;-581;1132;-321;298;-261;-852;108;806;-323;-563;-381;-1463;-154;1304;-321;40;347;-1183;-300;1300;-321;13;-106;-2227;-502;1902;-320;186;29;-1831;-22;772;-321;-245;99;-2156;-498;1326;-320;187;345;-1350;-209;910;-321;-284;-500;-830;-479;1105;-320;180;169;-1575;-348;1406;-321;-113;78;-1387;-278;1167;-324;-328;-22;-2102;48;1637;-320;-848;-717;-1510;-2;194;-321;-523;-295;-1916;-553;1380;-320;-217;-135;-924;-4;838;-321;-620;-227;-1436;-199;1269;-320;-32;159;-1308;-317;1370;-321;-47;-167;-1980;-583;1498;-318;-31;34;-1885;407;684;-320;-2;-129;-2012;-624;1184;-318;298;484;-1390;-274;987;-323;-543;-528;-1109;-366;1114;-318;-432;144;-1458;-374;1414;-316;-515;-110;-1334;-378;1140;-324;-494;45;-1930;-50;1697;-321;-694;100;-1781;-924;881;-320;-373;-396;-1651;230;614;-324;-1017;-104;-1400;-446;1059;-320;103;-228;-976;-34;1104;-323;-529;117;walk
-1671;-976;1124;-321;-498;-234;-2147;-236;1086;-321;-551;133;-1345;-182;978;-320;-210;-322;-1116;-95;1121;-321;-424;120;-1576;-140;1442;-316;-286;-26;-1627;-154;992;-324;-217;128;-2052;138;1233;-321;123;-69;-1114;-1003;450;-316;234;-142;-2005;-86;1219;-321;-591;-327;-832;-410;956;-323;-324;47;-1314;-514;1410;-321;-409;-53;-1387;-18;1377;-324;-405;-175;-1516;-346;1300;-321;-198;236;-2124;-1111;1248;-324;-511;-340;-1704;299;645;-323;-1074;-97;-1522;-394;1194;-324;104;-121;-954;8;1086;-320;-589;-5;-1610;-192;1501;-320;36;146;-1236;-209;1074;-324;-54;44;-1907;-532;2005;-326;602;-280;-1780;-550;488;-324;252;-77;-2139;-85;1291;-323;19;172;-1038;-482;746;-324;58;-111;-1324;-320;1192;-323;-69;101;-1382;-308;1337;-324;35;71;-1476;-553;948;-323;-49;163;-1880;-311;1617;-320;-470;-478;-1466;-110;192;-321;-185;-318;-1846;-665;1392;-320;505;-100;-756;-125;946;-324;-36;-92;walk
-1638;-924;775;-323;0;-10;-2134;-185;1031;-320;-282;204;-1255;-408;1068;-324;267;-310;-1137;-9;1026;-323;9;161;-1533;-147;1420;-321;380;143;-1375;-270;938;-323;172;234;-1814;-466;1908;-324;1061;-188;-1537;-798;434;-324;724;-96;-2268;-143;1288;-320;271;169;-890;-477;765;-318;606;176;-1338;-278;1144;-320;371;290;-1427;-318;1312;-324;347;152;-1365;-799;756;-323;186;283;-2039;-818;1389;-321;-87;-323;-1472;180;201;-321;-509;-105;-1637;-568;1220;-323;761;-114;-998;-8;946;-321;-173;-13;-1564;-122;1397;-320;274;168;-1218;-359;1082;-318;160;-19;-1840;-434;1942;-323;453;-128;-2107;-282;795;-324;316;185;-1721;-534;1172;-323;305;434;-1256;-293;968;-323;-209;-335;-1078;-505;1190;-321;158;140;-1418;-426;1295;-320;-35;94;-1393;-211;1217;-321;-304;28;-2255;243;1946;-320;-564;-305;-1739;-784;706;-321;-168;44;-1852;-432;974;-323;-495;137;-1242;-187;1083;-323;4;-337;walk
-1586;176;418;-323;-692;19;-1494;-620;1127;-321;655;-191;-979;71;1072;-323;-181;-39;-1581;-208;1441;-323;348;196;-1130;-439;1175;-321;250;50;-1862;-469;1997;-321;440;24;-2114;-341;783;-321;399;264;-1987;-370;1207;-320;373;413;-1232;-407;994;-321;72;-79;-1223;-392;1270;-323;345;240;-1440;-360;1292;-323;140;185;-1425;-293;1264;-324;-115;58;-2101;74;1830;-320;-210;-394;-1619;-441;433;-318;253;-267;-2167;-442;1268;-320;105;-34;-982;-222;876;-321;208;-256;-1408;-88;1258;-323;128;182;-1303;-337;1501;-321;194;-53;-1923;-131;1289;-321;342;56;-1982;-90;1136;-321;455;21;-1167;-950;594;-318;836;400;-1792;-122;1178;-320;-292;-35;-878;-500;1106;-324;277;294;-1523;-336;1386;-320;-127;33;-1249;-239;1352;-321;-172;20;-1824;-495;1654;-323;11;376;-1654;-1122;1111;-321;-83;-555;-2031;261;866;-324;-550;47;-1479;-252;1134;-320;125;-239;-1148;-185;1238;-321;-581;266;walk
-2218;258;1739;-324;-149;-435;-1600;-941;698;-321;180;-174;-1953;-302;1104;-321;321;-19;-1132;-210;948;-323;385;-174;-1388;-141;1104;-321;511;227;-1364;-201;1377;-320;456;32;-1572;-351;988;-324;327;364;-2013;-165;1511;-324;991;9;-1179;-890;564;-324;886;-42;-1837;-136;1308;-321;153;-83;-1064;-520;972;-320;576;181;-1392;-321;1248;-324;360;258;-1345;-157;1340;-323;36;41;-2200;-433;1675;-321;155;48;-1550;-841;1069;-323;102;-281;-2155;-426;886;-321;-72;102;-1168;-178;1020;-321;565;-282;-1329;-75;1165;-320;-256;180;-1404;-108;1429;-321;67;-42;-1555;-376;1145;-323;-133;96;-2265;70;1591;-324;312;-211;-1274;-594;652;-326;81;-228;-2080;-297;1470;-323;-507;-114;-1068;-370;933;-324;-229;31;-1318;-523;1291;-320;-347;112;-1304;-151;1371;-323;-476;-52;-1750;-565;1167;-321;-242;139;-1688;-1148;1086;-323;-430;-585;-1715;-12;988;-321;-1005;-93;-1490;-199;805;-321;-30;-212;walk
-1540;-1214;638;-323;1250;60;-2680;-210;1290;-321;271;391;-538;-197;910;-318;750;304;-1550;-530;1298;-323;656;291;-1275;-282;1191;-321;215;60;-1834;-966;1249;-323;276;234;-1713;-906;1119;-321;70;-505;-1624;22;356;-323;-87;264;-1291;-508;1138;-321;1262;-191;-1184;-212;946;-321;584;223;-1493;29;1371;-326;815;96;-1320;-164;928;-321;165;178;-1866;-535;2074;-320;929;-182;-1666;-414;414;-324;341;81;-2288;-74;1394;-320;153;-48;-893;-381;780;-321;290;65;-1401;-498;1279;-320;282;305;-1293;-251;1215;-321;20;60;-1758;-827;1169;-323;21;271;-2004;-858;1349;-323;-290;-335;-1712;94;605;-321;-645;109;-1421;-513;959;-320;521;-228;-1072;69;1038;-321;-591;106;-1438;-134;1429;-320;123;-55;-1598;-355;930;-321;106;283;-2123;9;1254;-323;288;-200;-1126;-1262;304;-324;728;160;-1540;36;1092;-323;-384;-213;-864;-444;998;-326;-220;185;-1555;-592;1412;-324;-249;81;walk
-2046;-84;1042;-323;770;-17;-1082;-1230;808;-328;1246;303;-1748;-407;1088;-323;531;148;-1171;-274;1152;-323;839;475;-1545;-508;1360;-324;604;226;-1346;-231;1138;-326;219;-50;-2293;-30;1698;-321;-48;-392;-1450;-616;830;-326;449;-193;-2238;-444;1151;-328;210;224;-1053;-124;866;-326;596;-273;-1368;-175;1195;-324;322;308;-1407;-181;1450;-324;360;-55;-1787;-435;1239;-326;247;169;-1920;-92;1325;-321;613;17;-1445;-844;703;-324;671;285;-2040;-286;1318;-324;59;-45;-898;-446;929;-323;447;151;-1493;-466;1214;-324;100;237;-1444;-198;1267;-323;-57;7;-1638;-708;1170;-324;-14;93;-1743;-642;1057;-323;-403;-490;-1848;7;731;-328;-905;5;-1383;-204;818;-324;38;-312;-1317;-222;1013;-326;-98;123;-1608;-93;1125;-324;-69;-118;-1540;-249;1216;-323;94;-131;-1600;-28;918;-328;155;-164;-1965;-269;840;-323;349;-13;-1596;-531;850;-324;355;419;-1387;-386;1012;-324;197;-12;walk
-1167;-233;791;-324;-361;-347;-1002;-124;792;-326;-525;-1;-1695;-160;978;-321;-275;293;-1861;-238;1217;-326;-59;74;-2644;-633;859;-324;312;152;-1347;-614;478;-324;720;56;-1374;-383;844;-323;283;-91;-962;-557;839;-328;462;58;-1148;-265;821;-326;183;305;-1679;-515;1171;-321;-18;223;-1935;-481;1116;-326;-395;-187;-2349;-623;628;-324;-447;-306;-1608;-270;608;-324;-468;-315;-1246;-183;981;-323;117;-332;-897;-86;864;-324;-444;-30;-1549;-204;968;-323;-197;365;-1588;-202;1104;-321;15;69;-2348;154;553;-326;-253;301;-1353;-546;408;-328;874;-14;-1581;-228;919;-323;-63;-217;-908;-488;734;-323;311;-45;-1014;-296;860;-321;127;247;-1661;-473;986;-323;64;172;-1658;-391;1096;-321;-158;102;-2664;-832;1006;-323;-347;210;-1336;-373;438;-324;-717;-362;-1274;-346;1038;-324;145;-539;-906;-27;772;-323;-427;-236;-1367;-203;981;-324;-304;198;-1568;-182;1058;-323;-237;-33;walk
-2186;-219;1819;-326;-873;-512;-1613;-100;154;-324;-1115;-164;-2107;-494;1153;-324;-275;-105;-1050;-218;882;-326;-867;-219;-1639;-169;1046;-324;-402;18;-1472;-204;1183;-329;-289;-103;-1791;-383;1265;-324;333;-23;-2560;-117;844;-326;-32;-57;-1837;-714;542;-326;240;350;-1480;-386;927;-324;70;-20;-898;-288;871;-326;27;138;-1266;-525;898;-328;80;248;-1838;-659;1168;-326;-263;-188;-2565;-22;772;-324;-555;-257;-1709;-211;693;-326;-191;-66;-1195;-233;932;-328;-181;-255;-1060;-143;885;-324;-484;-3;-1628;-130;1084;-323;-455;299;-1761;-225;1176;-328;-52;-9;-2693;-673;1015;-326;9;515;-1348;-550;603;-324;496;223;-1498;-260;983;-323;16;-18;-926;-528;766;-324;333;144;-1325;-347;842;-326;-18;264;-1826;-539;1168;-326;-247;7;-1717;-1019;574;-324;-368;417;-1360;-533;394;-329;-685;-178;-1247;-331;870;-331;-134;-430;-1028;-23;935;-326;-595;-146;-1482;-135;977;-326;-318;291;walk
-1772;-234;1074;-328;-333;-11;-1916;-326;1123;-328;-86;-108;-2246;-552;652;-326;415;-323;-1540;-434;745;-328;382;155;-1370;-444;1018;-326;285;-99;-844;-285;864;-328;425;76;-1266;-409;925;-323;181;287;-1576;-474;1229;-328;105;-63;-2027;-686;975;-324;-348;-164;-1782;-471;488;-326;-472;-302;-1667;-239;520;-324;-220;-310;-1320;-185;930;-326;-63;-440;-977;-177;861;-324;-593;-188;-1364;-200;1173;-324;-533;94;-1329;-227;1113;-324;-309;-107;-1994;-516;1486;-324;31;103;-1852;74;506;-329;-183;-295;-1566;-558;610;-328;39;5;-1358;-338;962;-326;-757;-524;-1047;-273;866;-324;-1134;-199;-1518;-472;1199;-328;-1023;-356;-1411;-387;1127;-328;-755;-134;-2142;-122;1732;-321;-532;-297;-1651;-339;433;-329;-1153;-527;-1817;-687;1207;-328;-587;84;-1314;-154;826;-328;-1054;-325;-1336;-244;1091;-323;-637;17;-1339;-332;1342;-324;-338;-94;-2048;-341;1254;-326;-275;11;-1892;251;859;-328;-310;-259;walk
-2460;-192;766;-326;-426;-15;-1521;-299;541;-329;-417;-56;-1210;-311;915;-324;-144;-296;-987;-104;816;-326;-631;-79;-1522;-104;807;-328;-453;398;-2017;-189;1234;-326;-60;115;-2570;-742;876;-328;233;408;-1372;-619;496;-326;494;278;-1357;-387;858;-328;560;119;-920;-472;786;-328;586;258;-1286;-385;883;-326;377;336;-1862;-492;1039;-324;80;1;-1771;-1076;472;-323;-43;169;-1255;-483;368;-324;-703;-343;-1434;-289;782;-326;-58;-294;-1157;64;721;-328;-535;-173;-1226;-152;838;-329;-436;66;-1737;-178;1021;-328;-326;204;-2011;-302;942;-328;276;-118;-1718;-592;538;-326;853;-522;-1624;-378;506;-328;28;-120;-1065;-486;622;-329;449;0;-1102;-272;782;-328;469;231;-1640;-470;1007;-326;351;377;-1804;-545;1073;-328;106;-28;-2591;-319;756;-326;-369;-43;-1387;-392;321;-328;-438;-124;-1262;-215;894;-328;-84;-276;-1067;-19;830;-326;-726;-113;-1396;-237;847;-328;-393;110;walk
-2998;-864;1722;-328;-75;333;-1636;-366;887;-326;209;247;-998;-218;1143;-324;-241;-54;-910;-457;1162;-323;-74;-251;-1381;-456;1060;-328;-361;-394;-2922;-165;1523;-328;17;-150;-1703;-143;956;-326;-148;-85;-958;-150;1122;-328;183;92;-1084;50;1076;-326;227;-115;-1342;-206;1165;-328;33;-217;-2020;-386;165;-326;746;604;-2439;-724;1579;-331;-355;-587;-1659;-482;1228;-328;-63;184;-827;-293;985;-326;-201;128;-792;-369;1160;-324;-141;-316;-1423;-289;1188;-326;-16;-113;-2535;-113;333;-331;-715;483;-1961;-598;1301;-326;94;40;-1344;-27;1189;-324;-129;19;-854;-69;1017;-324;54;117;-1042;58;1064;-326;-43;-124;-1166;-266;988;-324;325;-230;-2978;-998;1549;-331;-1;-345;-1770;-473;912;-328;61;-148;-1235;-408;1181;-326;-91;-71;-830;-116;1080;-324;-249;-239;-1064;-440;1324;-326;-49;-57;-2918;-420;790;-331;-1167;467;-2693;-332;1486;-328;231;-45;-1168;-62;1133;-328;-48;-23;walk
-2316;-152;1057;-328;696;-84;-1110;-1349;842;-329;1111;484;-1516;-313;921;-331;181;-116;-1009;-334;1135;-331;678;390;-1549;-390;1286;-329;459;248;-1261;-332;1043;-331;276;70;-2241;-150;1651;-329;101;-426;-1512;-377;572;-331;407;-378;-1830;-416;1141;-331;1030;155;-1052;-297;911;-328;561;-181;-1524;20;1110;-328;965;193;-1363;-241;1252;-329;680;97;-1742;-209;1235;-331;539;209;-1825;-332;404;-329;799;312;-1050;-587;810;-334;1571;278;-1462;-560;893;-326;1016;-154;-1112;-374;984;-328;872;183;-1350;-327;1157;-331;573;205;-1566;-419;1056;-332;166;34;-2340;-315;998;-328;-73;-212;-1254;-78;286;-336;71;-34;-1657;-392;1286;-331;739;-224;-1129;-203;842;-329;511;10;-1466;-91;1166;-334;683;120;-1423;-154;1233;-329;505;-105;-1834;-511;1602;-331;649;27;-2005;-342;548;-332;540;547;-1891;-263;1140;-331;754;375;-1100;-496;850;-334;617;-278;-1284;-322;1042;-332;248;236;walk
-1281;-413;1252;-334;195;129;-951;-254;1114;-332;-79;11;-1018;-554;1246;-331;-6;-3;-1236;-223;1169;-332;-137;-142;-2276;-307;937;-334;-169;418;-1730;-683;1233;-332;356;-61;-1315;-12;1212;-331;-103;71;-1088;-100;1158;-332;182;92;-1012;-74;1128;-336;-185;-157;-1065;-264;1082;-334;380;-296;-3276;-1046;1502;-336;-51;40;-1644;-383;896;-334;-11;199;-980;-345;1068;-332;-298;80;-1257;-237;1193;-334;-356;-11;-1157;-498;1038;-336;35;-14;-2000;-416;101;-329;-301;-48;-2073;-262;1085;-334;219;-682;-1579;15;1104;-334;-142;-140;-952;-72;993;-331;319;240;-1079;156;971;-336;-42;-328;-1048;-395;1323;-331;356;-274;-3047;-492;1004;-336;-314;600;-1947;-201;1561;-332;-61;257;-1358;-508;1292;-334;49;262;-1197;-349;1118;-334;-84;247;-829;-379;1230;-334;-97;10;-1362;-233;1334;-336;-80;-27;-2322;-229;-22;-331;-72;824;-2016;-20;1062;-332;77;33;-1439;-31;1130;-334;-43;436;walk
-1433;-446;1254;-336;672;259;-1322;-350;1326;-334;483;71;-1490;-405;1180;-336;266;-97;-2035;-342;1567;-337;-28;-344;-1687;-520;502;-337;329;333;-1643;-513;1147;-336;436;-233;-1259;-69;867;-332;742;3;-1388;-203;1023;-337;816;254;-1384;-221;1142;-339;818;122;-1500;-219;1119;-337;663;105;-1532;-196;1558;-340;803;-215;-2094;-268;473;-336;345;402;-1180;-865;845;-337;1365;23;-1496;-436;869;-336;304;-769;-1432;-439;1028;-337;443;190;-1183;-491;1033;-339;278;152;-1074;-275;1138;-337;10;-154;-1252;-261;1212;-337;-115;-180;-1227;-518;1316;-339;-129;-286;-2629;-246;898;-337;-268;396;-1395;-571;1379;-339;-200;178;-1234;1;1067;-337;-208;-125;-1100;-87;1204;-339;49;-412;-1057;-134;1258;-337;-164;-146;-1865;-810;65;-337;514;769;-2367;-653;1750;-339;-344;-74;-1789;-488;1293;-337;-63;139;-915;-290;1056;-339;-170;336;-709;-389;1247;-337;-235;-233;-1703;-361;1519;-340;-12;26;walk
-3138;-188;1522;-340;300;-767;-1735;-169;1233;-339;-46;27;-920;-88;1072;-334;-113;309;-1540;-101;1283;-336;100;264;-1069;-198;1058;-337;-157;44;-1340;-294;1528;-339;160;-416;-1292;-63;672;-339;-18;-440;-2851;-1066;1244;-337;470;155;-1261;-191;880;-339;-54;295;-828;-361;1048;-337;-54;513;-1431;-344;1282;-339;-31;170;-987;-330;1084;-337;189;84;-1444;-319;1550;-339;320;-213;-2332;-181;951;-339;179;-148;-1978;-440;1653;-340;173;-108;-1407;-33;1174;-339;-79;27;-1218;-59;1352;-340;220;230;-1091;-18;1290;-337;78;49;-1310;-232;2016;-337;440;-342;-2196;-1019;689;-340;520;478;-2158;-260;1166;-339;-256;372;-844;-237;1306;-337;297;202;-945;-348;1276;-336;-145;431;-1753;-819;1047;-339;-17;251;-2314;-1013;1181;-334;-74;-35;-1622;207;360;-342;-143;599;-1187;-463;1104;-339;664;-270;-1063;-119;926;-340;334;225;-1373;-12;1296;-339;519;128;-2052;-164;1016;-340;394;461;walk
-1799;-1148;1621;-336;700;188;-1620;-756;832;-334;631;251;-1390;-226;1121;-334;374;182;-1166;-271;1096;-337;550;265;-1575;-181;1254;-334;196;195;-1479;-242;1448;-336;-138;-79;-1894;-466;1466;-337;-264;-165;-1902;-683;573;-336;-383;-63;-2041;-183;852;-336;-598;133;-895;-81;860;-337;-305;-405;-1332;-200;1161;-334;-602;107;-1426;-234;1456;-337;-35;-194;-2289;-349;1525;-336;-126;184;-2020;13;583;-336;-136;310;-1941;-526;1254;-340;-29;34;-1099;-125;752;-336;-171;-177;-1039;-367;1176;-337;-189;188;-1392;-309;1534;-336;-422;-134;-2591;-346;2007;-337;-112;-25;-1852;-446;794;-337;-503;-142;-2262;-438;1394;-336;95;187;-696;-119;857;-334;24;-165;-1362;-168;1315;-336;-150;228;-1391;-290;1308;-337;277;15;-2056;-248;1895;-332;270;-524;-959;-1087;170;-332;663;-168;-1745;-98;1399;-337;-199;50;-865;-412;1064;-339;143;248;-1312;-426;1258;-337;-310;177;-1425;-477;859;-336;-239;-174;walk
-1125;-386;1158;-337;-172;176;-1355;-296;1352;-334;-124;82;-1662;-645;1146;-336;-74;43;-1879;-888;903;-337;-226;-429;-1792;-16;741;-336;-313;130;-1428;-258;997;-337;403;7;-1204;-148;1052;-339;-148;116;-1348;-217;1369;-334;166;34;-1661;-151;946;-336;96;-46;-2312;-130;1349;-332;407;-109;-1075;-1153;524;-337;698;427;-1459;-217;1025;-336;-115;6;-952;-443;1110;-337;246;149;-1413;-451;1308;-339;-9;84;-1434;-370;1138;-334;-175;-151;-2224;-382;1621;-339;-390;-354;-1364;76;260;-332;-611;-435;-1588;-655;1219;-334;540;-39;-1184;65;1070;-336;-440;-66;-1454;-236;1373;-337;129;39;-1498;-256;1231;-336;133;-75;-1779;-410;1834;-334;430;-322;-1574;-591;669;-337;572;-188;-2075;-244;1332;-332;-215;-128;-980;-363;984;-334;-56;72;-1259;-349;1312;-336;-144;174;-1261;-198;1364;-334;-199;99;-1674;-626;1164;-336;-91;23;-2020;-927;1013;-336;-114;-202;-1918;-161;716;-337;-513;253;walk
-2244;-91;1909;-334;-343;-559;-1515;4;324;-336;-154;-389;-1959;-532;1127;-337;371;109;-1015;-18;971;-332;-383;-163;-1333;-239;1173;-336;181;180;-1314;-314;1263;-337;262;1;-2196;-282;1882;-336;361;-305;-1218;-782;430;-334;676;-118;-2138;-176;1328;-332;-101;28;-854;-368;883;-334;159;206;-1404;-329;1288;-332;-75;169;-1341;-143;1284;-337;-393;-84;-2084;-450;1818;-337;-19;94;-1624;-578;573;-336;-34;-144;-2240;-433;1218;-337;200;240;-1004;14;1063;-336;-151;-228;-1097;-191;1159;-334;21;109;-1396;-248;1401;-339;256;-86;-2136;-396;1533;-334;-33;-78;-2139;-271;768;-334;-121;211;-1901;-434;1412;-336;313;8;-1234;-184;885;-337;-183;-50;-1185;-300;1204;-336;-224;-15;-1373;-420;1271;-337;-122;123;-1497;-460;1145;-332;-192;38;-1979;-347;1667;-336;-546;-223;-1416;-9;441;-334;-419;-477;-1665;-414;1172;-336;463;-163;-1128;-42;1050;-334;-381;-62;-1421;-200;1345;-332;190;172;walk
-1919;-300;916;-337;-187;219;-1274;-110;1165;-331;3;-183;-1224;-120;1108;-332;-141;139;-1494;-166;1395;-337;-63;-37;-1524;-233;1050;-332;14;73;-1695;-228;1808;-331;475;-314;-1756;-732;836;-329;299;-199;-1965;-214;1253;-334;-262;25;-1123;-466;912;-331;7;-54;-1270;-291;1208;-332;-211;40;-1406;-302;1364;-331;-69;41;-1536;-568;958;-332;-60;186;-1960;-524;1545;-334;-699;-159;-1631;70;560;-332;-466;-411;-1769;-605;1246;-334;434;-57;-1094;-58;996;-332;-349;-176;-1482;-181;1257;-334;229;153;-1304;-232;1363;-334;54;0;-1721;-368;1272;-332;210;138;-1804;189;1552;-334;299;29;-1716;-672;928;-332;146;-7;-1846;-177;1099;-331;-157;156;-1117;-424;952;-332;73;98;-1420;-309;1200;-334;-260;3;-1412;-252;1329;-332;-184;-62;-1548;-488;1040;-332;-237;68;-2135;-456;1488;-334;-495;-175;-1692;288;543;-332;-796;-445;-1857;-522;1193;-334;56;71;-1111;-127;1052;-332;-646;-167;walk
-1615;52;565;-328;-695;-171;-1478;-281;1057;-329;406;-14;-1228;-128;1122;-328;-253;4;-1458;-267;1297;-329;102;32;-1303;-268;1442;-328;271;-74;-1890;-355;1460;-331;221;-86;-1944;0;771;-328;72;123;-1398;-703;773;-331;626;461;-1543;-306;1100;-332;-300;-91;-1051;-342;1150;-328;-62;112;-1465;-324;1330;-329;-225;12;-1352;-234;1270;-328;-356;75;-1686;-144;1548;-328;-313;-47;-1687;-834;1046;-331;-140;-319;-1807;257;717;-328;-972;-171;-1532;-203;1140;-329;284;-18;-1235;-90;1135;-331;-360;29;-1467;-260;1339;-329;125;89;-1375;-276;1238;-331;177;3;-1709;-462;1768;-332;376;-139;-2044;-139;748;-328;278;259;-1211;-622;927;-331;754;312;-1405;-410;1071;-329;20;45;-1310;-215;1156;-331;238;242;-1514;-400;1262;-329;266;106;-1403;-208;1304;-331;-75;-75;-1673;-431;1474;-329;43;112;-1761;-844;1156;-328;-6;-411;-1710;50;600;-328;-481;-282;-1577;-300;1184;-329;282;96;walk
-1585;-312;735;-326;-695;72;-1402;-97;1077;-324;-315;-231;-1283;-206;1136;-329;-315;83;-1519;-174;1286;-328;-332;-79;-1470;-316;1202;-326;53;8;-1737;-295;1714;-324;193;-294;-1936;-473;575;-324;379;-82;-1624;-208;941;-326;180;268;-1256;-451;1002;-328;220;75;-1382;-380;1222;-326;138;161;-1462;-201;1286;-324;218;24;-1754;-358;1214;-326;112;112;-1434;-167;1258;-328;-195;-191;-1776;-528;1077;-324;49;-13;-1307;-365;1014;-326;-158;-189;-1748;-203;1115;-328;289;98;-1286;-320;1105;-326;222;122;-1536;-207;1356;-324;461;172;-1435;-185;1377;-326;552;49;-1691;-170;1439;-324;832;-108;-1885;-431;1439;-324;647;41;-1287;-568;809;-326;796;134;-1628;-324;1257;-324;73;63;-1170;-306;1254;-326;181;119;-1502;-308;1287;-324;25;127;-1399;-304;1343;-326;-51;30;-1522;-345;1315;-324;-69;113;-1720;-393;1565;-326;-400;-12;-1795;-545;921;-326;-58;-178;-1703;-286;483;-328;-548;-89;walk
-1320;-685;717;-326;698;441;-1444;-222;1058;-324;-236;-59;-1127;-370;1157;-323;58;126;-1425;-395;1280;-328;-151;52;-1348;-198;1356;-323;-256;41;-1778;-313;1438;-324;-150;14;-1740;-702;1107;-326;-197;-220;-1561;-46;713;-323;-805;-188;-1554;-278;1096;-328;314;-86;-1161;-76;1082;-326;-574;11;-1409;-202;1299;-328;17;73;-1390;-325;1244;-323;101;38;-1790;-538;1921;-324;456;-224;-2037;-414;861;-326;315;-79;-1778;-268;1161;-324;102;173;-1268;-408;1006;-324;-12;-59;-1238;-328;1210;-323;-59;157;;;;;;;;;;;;;;;;;;;;;;;;;;;;;;;;;;;;;;;;;;;;;;;;;;;;;;;;;;;;;;;;;;;;;;;;;;;;;;;
-1912;-351;1210;-251;100;118;-1249;-228;898;-249;-298;-341;-1076;-444;1213;-252;-29;241;-1489;-396;1353;-251;-369;40;-1273;-440;1124;-251;-307;104;-2166;-146;2034;-254;-440;-287;-1552;-775;622;-249;-419;-330;-1614;231;780;-251;-804;-267;-1428;-631;970;-249;693;-271;-1119;32;1020;-251;-500;120;-1370;-309;1277;-252;360;224;-1310;-218;1063;-251;68;69;-1756;-582;1914;-251;599;-6;-1900;-274;534;-246;396;15;-1862;-471;1040;-251;506;403;-1320;-232;948;-249;-112;-154;-1111;-438;1183;-251;147;441;-1599;-422;1396;-252;-79;18;-1215;-187;1219;-251;-293;-9;-1851;-360;1496;-249;-162;120;-1780;-703;988;-254;-173;-416;-1482;206;594;-252;-1014;-282;-1438;-716;1152;-249;573;-239;-1228;162;1029;-251;-638;-59;-1552;-354;1264;-252;87;144;-1258;-409;1264;-254;24;173;-1789;-393;1347;-252;261;38;-2043;8;999;-251;200;118;-991;-891;762;-252;708;116;-1903;-193;1277;-251;-284;-140;walk
-1636;-1004;1596;-257;362;-15;-1738;-310;859;-259;246;-221;-1709;-314;869;-260;208;263;-1304;-337;1052;-256;728;-185;-1458;-153;1076;-260;530;190;-1489;-229;1316;-256;553;101;-1557;-475;1154;-257;668;309;-1624;-442;1391;-257;1368;270;-1937;24;1124;-252;1342;307;-1634;-880;1164;-257;1188;28;-1654;-342;1054;-256;1281;638;-1276;-530;920;-254;1227;523;-1558;-450;1127;-256;1162;443;-1523;-381;1060;-257;1044;295;-1458;-413;1246;-257;539;161;-1793;-584;1528;-259;583;59;-1406;-949;1094;-257;564;-375;-1544;159;529;-259;-21;-44;-1453;-698;903;-257;1074;129;-1611;4;1042;-256;772;27;-1458;-206;1000;-260;469;198;-1448;-233;1286;-259;450;-31;-1593;-206;1264;-257;274;139;-1664;-386;1456;-259;526;52;-1798;-144;1140;-260;242;-84;-1321;-620;982;-260;368;-202;-1805;-194;1246;-259;-200;11;-1277;-407;1017;-260;-158;-109;-1456;-368;1225;-262;-432;-43;-1352;-237;1275;-257;-411;-112;walk
-1463;66;682;-265;107;-152;-1602;-489;935;-264;763;152;-1550;80;1031;-265;201;14;-1495;-158;1022;-267;-47;180;-1532;-230;1295;-268;-195;1;-1482;-162;1193;-268;-296;-54;-1644;-292;1355;-267;-207;-11;-2002;-197;1261;-268;-258;-232;-1360;-478;667;-267;-320;-107;-1756;-82;1003;-268;-683;-471;-1450;-491;1054;-267;-652;-250;-1315;-460;961;-264;-839;-135;-1409;-338;1245;-268;-739;-11;-1372;-476;1346;-267;-504;156;-1655;-402;1373;-265;-369;110;-1912;-914;1161;-267;-296;-125;-1296;66;456;-272;-418;-288;-1416;-819;1338;-267;407;-376;-1380;-76;932;-267;54;208;-1388;-321;1257;-268;450;101;-1270;-252;1300;-267;399;17;-1723;-465;1358;-267;814;227;-2279;-9;1344;-270;961;110;-1210;-1080;960;-268;1094;57;-1839;-106;1021;-270;288;184;-1124;-511;1100;-268;936;528;-1440;-377;1078;-267;509;182;-1374;-298;1236;-268;565;179;-1344;-637;904;-267;150;286;-1851;-737;1440;-268;154;-267;walk
-1635;-428;779;-275;774;142;-1391;-203;754;-272;-420;-347;-1035;-478;1176;-273;335;314;-1485;-393;1296;-275;-431;-31;-1303;-214;1300;-273;-339;-90;-2320;-176;1852;-272;-596;-84;-1518;-868;769;-276;-136;-245;-1358;-98;599;-273;-1214;-462;-1559;-179;908;-275;-47;-64;-1171;-127;1101;-273;-1013;105;-1587;-251;1171;-272;-471;-35;-1420;-314;1100;-276;-406;31;-1833;-644;1646;-272;251;-39;-1936;82;778;-273;-189;-132;-1894;-487;653;-272;181;197;-1336;-122;785;-275;-880;-418;-1214;-532;1032;-273;-469;128;-1445;-385;1346;-275;-629;-295;-1456;-482;1171;-276;-408;238;-1543;-339;1313;-272;-292;70;-1532;-834;1556;-276;-460;-362;-1885;-33;1014;-273;-604;-196;-1700;-572;1327;-275;-78;233;-931;-137;907;-276;76;-362;-1757;-180;1378;-272;-71;232;-1321;-310;1299;-276;76;-117;-1488;-334;902;-275;423;493;-1741;-254;1748;-270;1004;-122;-1941;-499;788;-272;534;-51;-1557;-419;864;-273;838;325;walk
-1508;211;587;-278;-298;-626;-1878;-472;1265;-280;518;39;-864;11;884;-278;-122;184;-1730;-122;1224;-276;125;36;-1411;-366;1213;-278;-235;166;-1728;-528;1553;-278;125;-41;-2081;-37;863;-280;103;-175;-1788;-648;932;-278;103;254;-1272;-116;935;-280;-749;-457;-1307;-456;1087;-275;-781;5;-1497;-502;1314;-276;-774;-180;-1262;-333;1216;-275;-575;28;-1581;-613;1124;-276;-311;75;-1713;-610;1600;-276;-1015;-305;-1534;142;528;-278;-1033;-203;-1966;-796;1312;-280;-79;-215;-999;14;686;-278;-1171;-157;-1753;-402;1273;-276;-267;99;-1166;-319;1301;-278;-334;-99;-1702;-274;1068;-276;155;306;-2085;1;1151;-276;213;-120;-1234;-1099;638;-278;801;188;-1787;74;1088;-276;-631;-248;-1034;-572;978;-275;128;164;-1498;-478;1131;-280;-312;-90;-1459;-68;1244;-278;-395;-161;-1410;-534;1064;-273;-378;-65;-1848;-204;1516;-275;-777;-550;-1859;-366;865;-278;-307;-122;-1840;-716;940;-280;-498;146;walk
-2014;93;1209;-278;609;-52;-1288;-1031;680;-280;1011;201;-1615;124;1080;-281;-631;-294;-1055;-575;1184;-281;-20;21;-1476;-400;1400;-280;-478;-37;-1300;-126;1307;-280;-512;135;-1652;-599;1266;-280;-544;87;-1866;-924;1474;-284;-956;-294;-1537;319;682;-276;-1231;-532;-1643;-735;1396;-281;-201;-254;-1047;140;879;-278;-860;-171;-1422;-449;1289;-280;-265;120;-1328;-254;1305;-280;-279;106;-2013;-570;1399;-280;59;58;-1982;344;594;-281;-286;26;-1755;-627;890;-280;265;186;-1158;-53;746;-278;-860;-387;-1371;-514;1061;-280;-403;4;-1431;-349;1288;-278;-548;-200;-1364;-386;1291;-283;-578;164;-1775;-380;1420;-283;-309;101;-1758;-1036;1056;-281;-267;-297;-1347;124;657;-280;-879;-777;-1515;-637;1272;-278;473;93;-994;59;1038;-280;-421;85;-1755;-387;1369;-281;447;96;-1174;-334;1353;-283;237;39;-1870;-456;1501;-280;471;208;-2007;187;954;-281;880;-89;-1382;-1235;960;-280;1043;16;walk
-1527;62;789;-280;-921;-252;-1504;-780;1385;-281;353;-205;-1183;218;930;-280;-689;-46;-1800;-340;1323;-278;37;77;-1125;-281;1283;-283;-209;-105;-2151;-554;1442;-281;66;108;-1749;190;1115;-281;13;229;-1361;-1015;860;-280;394;52;-1792;-40;1126;-281;-731;-307;-994;-502;1082;-276;-250;9;-1500;-530;1360;-284;-496;-53;-1298;-26;1220;-280;-676;-74;-1544;-412;991;-284;-604;20;-1860;-248;1768;-283;-854;-747;-1836;-214;748;-281;-826;68;-2272;-1002;1328;-281;-761;336;-754;-19;854;-283;-337;-420;-1845;-206;1254;-283;-713;325;-1344;-309;1380;-280;-274;-158;-1502;-260;1006;-284;-122;8;-1824;-304;1707;-280;512;-169;-1835;-550;555;-281;278;59;-1950;-296;1242;-283;163;-50;-1011;-328;851;-283;90;-68;-1310;-411;1220;-283;360;271;-1484;-336;1256;-283;78;151;-1454;-209;1181;-281;-39;63;-2218;-398;1650;-283;-9;-330;-1599;-137;849;-281;-277;-511;-1867;-632;1289;-283;498;280;walk
-1629;236;572;-286;-913;-401;-1429;-553;1057;-284;655;-125;-947;-14;915;-283;-397;-61;-1464;-198;1321;-283;185;-63;-1464;-429;999;-288;305;221;-1898;-631;1966;-283;673;-223;-1636;-603;479;-283;374;348;-1901;-168;1186;-283;450;55;-1125;-385;910;-281;57;-105;-1328;-419;1232;-286;172;137;-1350;-419;1304;-284;-143;134;-1213;-644;859;-286;-19;202;-1728;-657;1405;-284;-514;-418;-1470;60;385;-283;-787;-254;-1914;-862;1484;-283;156;30;-904;128;932;-284;-630;-382;-1635;-290;1208;-280;-217;168;-1232;-134;1282;-284;-367;-410;-2237;-996;1993;-286;290;-232;-1749;50;668;-281;-271;92;-2214;-347;1415;-283;-498;-166;-1080;-274;838;-286;-695;-516;-1282;-470;1197;-284;-460;65;-1248;-287;1482;-283;-599;-181;-1607;-724;725;-284;-62;461;-1959;110;1803;-286;-1096;-748;-1789;-568;519;-284;-310;-62;-1950;-570;1108;-283;-657;85;-983;-199;883;-281;-183;-317;-1561;-62;1183;-284;-542;553;walk
-2230;72;1921;-284;-197;-166;-1650;-890;746;-284;164;72;-1635;90;663;-283;-716;-358;-1360;-476;1083;-283;482;29;-1098;54;1025;-283;-387;27;-1445;-261;1368;-284;138;18;-1543;-278;1100;-283;51;140;-1667;-495;1931;-281;746;-174;-2064;-319;827;-283;354;90;-1637;-487;1123;-284;638;224;-1249;-291;909;-283;-187;-46;-1272;-332;1305;-286;321;394;-1389;-200;1343;-284;-159;-95;-1437;-507;1148;-283;-242;156;-2558;194;2018;-284;-597;-909;-1705;-271;564;-286;-292;79;-1718;-774;1417;-284;-115;67;-1323;121;1124;-283;-333;-42;-1318;-461;1273;-284;-234;209;-1226;-219;1340;-286;-103;-120;-2251;-698;1562;-286;96;86;-1672;438;546;-286;148;-61;-2098;-820;1434;-283;339;70;-1232;-184;863;-284;-531;-431;-1040;-462;1075;-286;-254;157;-1456;-410;1531;-284;-503;-127;-1394;-490;1049;-286;-350;271;-2225;33;2073;-284;-837;-588;-1705;-460;72;-286;-366;-202;-1934;-767;1266;-286;-258;149;walk
-2067;-104;576;-289;-934;0;-1354;-353;1059;-288;791;69;-1101;-39;1046;-286;-587;267;-1412;-221;1366;-288;178;5;-1600;-338;942;-289;14;223;-1774;-455;1928;-284;765;-433;-1585;-690;598;-289;294;38;-2400;-116;1297;-288;-706;-191;-949;-437;1086;-291;-122;-122;-1069;-473;1246;-289;-120;78;-1484;-194;1568;-288;-299;-9;-1589;-769;995;-289;-121;262;-2106;-1215;1520;-288;-416;-184;-1583;366;733;-289;-1064;-653;-1673;-824;1256;-288;137;146;-1094;134;994;-292;-806;-152;-1618;-312;1379;-289;-141;-72;-1106;-313;1126;-289;-220;-155;-2117;-682;1968;-286;458;-239;-1752;-318;604;-288;-86;151;-2314;-241;1380;-289;-563;-115;-997;-279;854;-288;-398;-173;-1243;-512;1160;-288;-387;134;-1562;-317;1564;-289;-411;-132;-1519;-552;868;-288;33;341;-2098;-40;1857;-292;-750;-552;-1699;-206;432;-288;-302;-190;-1960;-881;1432;-289;109;19;-861;6;942;-288;-334;-308;-1555;-194;1306;-291;-125;371;walk
-1346;-843;856;-291;870;551;-1381;-239;1094;-292;-237;-129;-1021;-449;1156;-292;352;274;-1447;-505;1274;-292;-53;48;-1323;-257;1328;-292;-251;29;-2407;303;1768;-294;-65;-354;-1659;-604;611;-289;-18;-72;-2093;-545;1073;-288;-330;108;-1004;-244;1059;-292;188;-192;-1396;-144;1152;-291;15;123;-1380;-200;1391;-292;89;-62;-1728;-460;1276;-294;84;26;-2023;154;1402;-292;244;24;-1258;-675;461;-288;415;-66;-1781;-350;1356;-292;-937;-585;-1009;-457;1160;-294;-37;197;-1357;-318;1361;-296;-429;-93;-1336;-216;1214;-292;-737;35;-1844;-140;1403;-291;-854;28;-1768;-409;762;-289;-1036;-361;-2434;-948;1370;-294;-467;-39;-1107;20;917;-292;-1417;-186;-1557;-216;1331;-294;-513;7;-1266;-242;1410;-292;-601;-278;-1993;-534;1277;-291;-448;155;-1747;398;1058;-291;-189;-270;-1130;-1091;652;-292;376;163;-1686;-240;1252;-291;-731;-285;-1103;-343;1049;-292;-466;-66;-1628;-606;1442;-292;-526;-256;walk
-1272;220;994;-294;-1149;-452;-1283;-455;1078;-297;-426;-291;-1198;-72;1070;-296;-964;209;-1611;-203;1300;-297;-324;-138;-1422;-140;1059;-296;-416;76;-1852;59;1710;-294;133;-480;-1454;-749;321;-292;-135;-105;-2002;82;1310;-294;-521;-109;-685;-358;778;-296;-580;-190;-1715;-490;1509;-296;-337;164;-1243;-272;1304;-296;-286;46;-1409;-753;996;-292;-61;104;-1836;-993;1221;-294;-522;-308;-1954;301;915;-296;-613;94;-1196;-509;1104;-294;-172;-349;-1128;84;1208;-296;-675;425;-1550;-88;1508;-296;-260;-381;-1903;-224;1158;-296;-612;273;-2061;66;1293;-296;-139;-120;-1218;-840;420;-294;127;-15;-2020;-124;1387;-296;-689;-214;-921;-466;996;-297;-206;110;-1358;-529;1344;-296;-314;22;-1312;-193;1237;-296;-277;192;-1659;-480;1162;-296;-211;198;-1826;-1051;1111;-299;-436;-265;-1520;188;712;-294;-761;-269;-1202;-454;790;-296;171;-327;-1167;18;1114;-294;-620;409;-1625;-90;1381;-297;169;-133;walk
-3102;-670;1896;-294;-163;118;-1688;-277;1450;-296;47;-236;-924;-321;1150;-300;-134;105;-884;-280;1179;-299;-122;-254;-1238;-358;1202;-299;84;149;-2255;-9;121;-299;-844;373;-2236;-199;1544;-299;-56;9;-1381;-108;1423;-300;-245;55;-881;-18;1168;-299;56;118;-1216;67;1218;-300;-262;-105;-1134;-938;579;-299;1008;11;-2746;-625;1192;-297;-348;-416;-1392;-502;1125;-299;-19;12;-1008;-379;1288;-297;-67;192;-876;-514;992;-300;5;-140;-1895;-78;692;-299;-386;-49;-2849;-192;1129;-300;397;64;-1265;-226;1202;-302;-298;14;-965;41;1120;-300;132;192;-1378;83;1249;-299;-129;-104;-902;-328;1296;-300;200;-180;-3130;-677;1694;-302;107;420;-1711;-221;1714;-300;-57;-77;-1108;-358;1320;-299;15;12;-1016;-254;1174;-300;-166;19;-1063;-468;1360;-300;214;95;-1655;-95;299;-302;-886;48;-2980;-87;1214;-302;473;-87;-1344;-144;1518;-302;9;56;-847;86;1121;-304;239;231;walk
-2354;-702;1319;-305;-504;-62;-1340;-492;951;-307;-108;158;-1155;-330;976;-308;-101;363;-1756;-417;1335;-312;156;19;-1420;-319;1080;-308;-110;91;-1234;-437;1226;-308;192;-88;-1148;-293;1136;-307;-151;-28;-1305;-498;1385;-312;73;-210;-1551;-417;790;-310;-222;-244;-2700;-308;1570;-308;436;-418;-1872;-214;1146;-312;-83;76;-1450;-211;1182;-308;-171;61;-1382;-223;1192;-308;-167;-25;-1442;-212;1160;-310;26;-31;-1451;-209;1213;-308;-85;-136;-1364;-256;1326;-313;62;-137;-1302;-12;1277;-310;-32;-240;-1239;108;1348;-305;-38;-486;-1876;-959;1270;-310;-11;-150;-2320;-504;1712;-312;82;43;-1426;-414;1202;-310;-159;374;-1286;-352;1276;-307;-180;158;-1539;-460;1334;-308;56;42;-1306;-395;1218;-310;25;-7;-1318;-360;1112;-312;64;87;-1268;-231;1309;-313;-209;49;-1239;-449;1324;-312;-34;-168;-1331;-427;969;-310;-38;-392;-2951;-237;1330;-308;371;-290;-1521;-317;1447;-308;76;-365;walk
-1927;-876;1163;-313;-168;316;-1606;-236;1861;-312;-247;101;-1500;-555;1238;-313;-55;256;-1314;-461;1120;-312;-139;156;-1482;-323;1196;-313;93;-104;-1437;-436;1138;-313;222;-5;-1372;-154;1202;-312;-17;-43;-1118;-459;1260;-313;147;14;-1217;-423;1293;-315;177;-264;-2382;-111;1068;-313;84;51;-1774;-442;1394;-312;390;-77;-1595;-89;1252;-313;163;10;-1295;-124;1153;-312;38;295;-1420;-208;1233;-310;88;84;-1437;-225;1272;-313;-7;15;-1444;-241;1424;-315;223;-106;-1233;190;1419;-313;0;-250;-1013;102;1250;-315;-106;-239;-2104;-1456;1544;-313;205;-121;-1658;14;1456;-312;-296;-103;-1303;-620;1149;-313;218;181;-1430;-382;1264;-310;66;243;-1510;-344;1354;-312;188;100;-1552;-312;1268;-313;48;136;-1494;-385;1510;-315;33;-137;-1978;-490;817;-313;357;59;-1608;-328;918;-315;118;-37;-793;-588;679;-313;998;-307;-1986;-64;1194;-312;1007;-35;-1131;-387;971;-316;1062;255;walk
-2132;-1024;1107;-320;256;171;-2232;-474;1685;-318;-96;155;-1246;-370;1238;-318;98;88;-1177;-379;1044;-320;-88;316;-1408;-446;1281;-315;26;-85;-1358;-427;1097;-320;-20;123;-1286;-160;1365;-318;-32;-173;-1012;-588;1037;-320;-167;-605;-2398;-113;1647;-318;135;-719;-1602;-298;1122;-318;163;-171;-1842;-51;1222;-320;-235;62;-1336;-311;1131;-318;-123;115;-1330;-156;1190;-316;48;3;-1443;-144;1362;-321;38;-103;-1090;-36;1415;-316;45;-432;-1032;248;852;-318;-51;-323;-2137;-1060;1563;-318;359;-142;-2208;-302;785;-316;-271;58;-1234;-613;1363;-315;-42;164;-1212;-422;1224;-316;126;271;-1330;-426;1132;-318;120;102;-1174;-184;1186;-320;69;-42;-1090;-418;1388;-323;-70;-372;-1433;-434;1004;-318;-370;-84;-2677;-301;1220;-320;488;-138;-1404;-269;990;-321;94;-101;-1472;-16;1168;-316;-93;106;-1469;-248;1298;-321;-87;6;-1340;-190;1073;-321;-28;78;-1392;-323;1462;-316;225;-58;walk
-1196;-556;1297;-323;30;194;-1509;-356;1372;-321;205;154;-1673;-322;1166;-323;-350;268;-1828;-621;1400;-323;218;-324;-1493;-180;554;-321;252;-19;-1630;-479;1304;-320;678;-269;-1260;-436;825;-324;627;475;-1383;-376;1136;-323;1485;109;-1665;-195;1033;-321;1296;284;-1485;-401;1231;-324;1159;283;-1576;-285;1337;-323;1337;196;-1971;30;1459;-324;860;133;-1475;-737;885;-326;439;175;-2240;-170;984;-324;525;513;-1104;-471;931;-326;486;142;-1417;-502;1082;-324;415;256;-1541;-401;1164;-321;519;118;-1416;-469;1236;-326;560;95;-1465;-424;1220;-324;425;113;-1680;-374;1501;-326;363;-47;-1737;-836;1036;-321;484;-101;-1373;84;956;-323;314;-289;-1455;-631;1043;-324;889;-10;-1553;-220;1031;-323;884;124;-1432;-194;1104;-324;853;291;-1499;-151;1089;-324;768;175;-1445;-383;1198;-326;983;209;-1543;-418;1421;-324;1189;183;-1648;-163;1525;-326;849;31;-1748;-454;868;-328;284;-46;walk
-2260;-548;1478;-324;-218;-126;-1152;-411;1094;-326;-314;170;-1256;-565;1227;-324;-140;199;-1632;-495;1297;-326;-86;68;-1381;-484;1172;-326;223;89;-1235;-181;1202;-328;23;67;-1130;-407;1466;-323;104;-93;-1974;-566;649;-328;-22;93;-2024;-297;756;-326;415;182;-1645;-235;1277;-324;-14;-36;-1404;-54;1163;-323;-11;77;-1373;-152;1146;-324;-101;-61;-1479;-145;1116;-326;-44;-21;-1424;-316;1346;-326;3;-15;-1276;54;1250;-324;-24;-128;-1201;123;1332;-323;-262;-163;-1678;-859;1073;-328;-49;-29;-2303;-530;1828;-323;-72;-328;-1220;-425;1088;-328;-121;147;-1432;-470;1096;-324;-211;269;-1625;-424;1286;-323;84;-80;-1314;-440;1130;-324;235;-23;-1279;-189;1196;-323;-99;23;-1270;-489;1391;-324;110;-103;-968;-433;1298;-326;112;-270;-2085;-116;829;-326;-116;224;-2107;-334;1554;-324;-98;80;-1625;-188;1299;-326;-92;58;-1187;-134;1162;-324;2;-36;-1483;-151;1193;-326;-100;-62;walk
-2222;-434;1371;-329;202;-12;-1286;-285;1155;-328;-71;-32;-1043;-348;1156;-329;92;319;-1501;-418;1210;-324;171;69;-1536;-491;1393;-326;318;76;-1330;-174;1410;-324;225;110;-1263;-353;1469;-326;-81;-219;-1362;-398;1496;-326;84;-129;-2023;-403;969;-324;-353;-44;-2580;-10;1404;-326;156;-245;-1425;-421;1093;-324;0;-168;-1242;-124;1284;-323;-266;125;-1707;-56;1303;-328;-463;126;-1434;-266;1155;-329;-359;-50;-1401;-486;1354;-326;-48;151;-1272;36;1422;-328;6;-221;-1121;23;1281;-326;-188;-242;-2313;-565;608;-328;-4;111;-2081;-671;1441;-326;102;-61;-1488;-357;1075;-324;-84;30;-1127;-306;1188;-326;15;100;-1563;-498;1200;-328;256;314;-1399;-303;1144;-326;-22;96;-1303;-158;1323;-324;25;-120;-1091;-401;1295;-328;-187;-212;-969;-429;1332;-326;51;-130;-2850;-238;284;-328;-361;474;-2438;156;1255;-326;-36;-106;-1290;-421;1250;-328;95;-28;-1128;-136;1074;-326;-14;71;walk
-2025;-554;1184;-328;-110;-364;-1310;-359;964;-329;11;-328;-1418;-359;1168;-331;6;25;-1528;-326;1210;-329;87;-96;-1558;-338;1222;-329;-19;59;-1516;-364;1252;-328;55;-14;-1467;-345;1172;-329;48;98;-1457;-398;1184;-331;-38;144;-1530;-439;1194;-329;-51;147;-1500;-451;1172;-331;-162;103;-1631;-472;1165;-329;-109;49;-2032;-698;1148;-331;-332;-301;-1862;-341;752;-331;-386;169;-1611;-411;888;-329;65;217;-1258;-188;968;-328;34;-347;-1305;-142;953;-329;-222;-289;-1401;-190;1000;-328;-202;-373;-1571;-171;1086;-328;-328;-232;-1512;-153;1133;-329;-207;-84;-1567;-184;1174;-331;-56;7;-1492;-181;1178;-329;-103;99;-1620;-123;1193;-328;56;43;-1510;-143;1224;-326;63;5;-1504;-186;1228;-328;108;-4;-1567;-121;1128;-326;35;136;-1519;-8;1198;-328;176;-47;-2106;-262;953;-326;296;244;-1460;-448;830;-328;489;16;-1893;-124;925;-329;-16;249;-1123;-265;981;-329;69;-365;walk
-1954;-316;772;-324;-696;52;-1568;-368;707;-323;-347;240;-1619;-339;798;-328;-269;41;-1420;-278;687;-323;-161;-15;-1522;-318;788;-324;-234;-166;-1487;-224;833;-328;-161;-99;-1481;-207;821;-326;-145;-116;-1501;-224;873;-324;-28;-105;-1574;-224;948;-326;0;-134;-1432;-235;975;-328;57;-47;-1582;-246;1078;-326;140;-23;-1525;-193;1049;-324;50;41;-1709;-288;930;-323;202;158;-1542;-162;1002;-323;198;-62;-1775;-527;835;-324;469;33;-1527;-373;744;-326;172;372;-1538;-386;878;-328;39;-102;-1455;-467;874;-326;60;-61;-1439;-460;870;-321;98;-76;-1458;-457;834;-329;86;-88;-1425;-418;894;-324;40;-101;-1386;-483;902;-326;34;-127;-1489;-504;1027;-324;39;-95;-1551;-473;1032;-324;16;-57;-1431;-523;967;-324;-53;-18;-1473;-491;1029;-328;-95;-25;-1572;-543;1096;-323;-68;89;-1482;-486;1160;-324;-64;44;-1758;-522;1023;-326;-174;-61;-1784;-615;938;-324;-82;37;walk
-754;-463;570;-324;-471;-1438;-1459;-174;845;-323;-496;-223;-1557;-150;880;-323;-124;94;-1401;-188;1064;-324;-261;-118;-1520;-248;1164;-326;-191;-4;-1524;-218;1183;-324;-152;45;-1501;-139;1187;-326;-88;-45;-1527;-61;1264;-324;-73;-38;-1388;411;929;-323;12;-106;-1678;-868;1530;-324;374;-522;-1898;-634;957;-321;-298;-260;-1583;-382;956;-326;-117;-88;-1529;-414;1025;-328;-19;-143;-1568;-342;1068;-320;-69;-65;-1508;-310;1132;-324;-151;-57;-1424;-282;1202;-323;-286;-187;-1450;-329;1290;-326;-378;-80;-1412;-336;1356;-321;-531;-68;-1374;-382;1407;-326;-590;-131;-2295;-676;693;-324;-449;476;-1032;-194;707;-323;-1015;-393;-1945;-276;1096;-324;-245;-77;-1352;-136;933;-328;-599;-88;-1592;-92;1043;-323;-296;-113;-1538;-224;1126;-324;-278;-99;-1494;-176;1166;-326;-151;-67;-1512;-114;1176;-324;-97;-56;-1538;-160;1265;-323;-12;-86;-1459;-158;1288;-324;56;-43;-1482;-178;1356;-324;163;-10;walk
-2253;-629;1283;-324;108;416;-1196;-313;937;-323;61;213;-1887;-496;773;-324;475;-126;-1492;-552;750;-326;299;197;-1633;-592;882;-323;-6;15;-1525;-531;776;-324;8;-47;-1392;-575;808;-324;62;-185;-1467;-546;852;-324;96;-148;-1399;-500;918;-326;142;-67;-1349;-492;935;-324;102;-76;-1397;-576;1010;-323;115;-33;-1447;-550;1005;-324;161;-26;-1368;-502;1004;-326;3;69;-1492;-556;1064;-321;-193;74;-1660;-708;872;-324;-297;280;-1430;-532;686;-323;-36;190;-1626;-398;730;-321;-276;-30;-1828;-377;669;-326;-385;-112;-1457;-269;832;-324;-201;-214;-1486;-238;795;-323;-326;-233;-1447;-257;868;-324;-298;-274;-1348;-171;948;-324;-303;-208;-1521;-204;1012;-326;-305;-81;-1435;-200;1020;-324;-237;-127;-1561;-242;1106;-326;-34;0;-1509;-192;1148;-326;123;67;-1459;-94;884;-324;-22;340;-1597;49;1085;-324;65;264;-1817;-395;839;-324;278;207;-1962;-427;641;-323;207;397;walk
-2897;-704;1500;-321;-210;62;-1171;-239;724;-320;327;339;-1574;-397;763;-321;264;298;-1246;-250;712;-320;1;-189;-1346;-515;927;-321;-45;-293;-1458;-402;944;-321;-116;-203;-1321;-374;986;-323;-156;-179;-1418;-411;1085;-321;-106;-149;-1525;-377;1208;-323;-197;-114;-1387;-325;1244;-321;-389;-123;-1514;-408;1312;-324;-536;-144;-1478;-532;1246;-323;-908;-211;-1981;-82;928;-324;-587;-124;-1448;-116;698;-320;-964;-221;-1475;-212;815;-324;-207;44;-1475;-40;920;-324;-567;-63;-1544;-242;1043;-324;-253;-123;-1522;-263;1254;-321;57;-146;-1429;-6;1168;-323;-157;-74;-1566;-76;1366;-324;-38;-16;-1736;100;1030;-323;-314;235;-1629;-717;853;-321;146;-101;-1566;-484;1133;-323;-42;-390;-1406;-355;990;-321;-34;-65;-1448;-337;1062;-323;120;101;-1451;-161;1161;-324;-182;-32;-1409;-262;1341;-321;-216;-91;-1502;-288;1204;-323;-541;-7;-2102;-843;819;-321;-409;10;-1456;-207;859;-320;-549;-768;walk
-1646;-615;572;-324;-185;317;-1621;-63;503;-323;-456;-125;-1662;-76;542;-324;-404;-217;-1632;-196;589;-328;-189;-368;-1496;-198;824;-326;-173;-303;-1267;-111;927;-324;-222;-201;-1349;-140;975;-326;-174;-8;-1600;-196;1074;-324;-71;84;-1697;-156;1005;-326;70;69;-2215;-466;1136;-326;173;-71;-1576;-438;744;-324;155;214;-1385;-376;890;-323;25;-125;-1360;-487;926;-321;266;-220;-1256;-413;858;-323;76;-175;-1282;-412;1091;-324;23;9;-1546;-488;1101;-323;-188;41;-1372;-445;1079;-321;-207;121;-1566;-456;1188;-324;-408;21;-2400;-461;1050;-323;-173;166;-1623;-313;546;-324;-509;24;-1628;-380;914;-323;-230;-152;-1330;-101;858;-321;-402;-427;-1241;-221;908;-320;-143;-268;-1343;-85;946;-323;-264;-20;-1596;-153;1029;-324;-45;42;-1536;-176;1114;-326;141;30;-1536;-148;1132;-321;176;107;-1628;120;700;-326;402;281;-2047;-163;876;-321;266;-71;-1493;-421;726;-326;425;110;walk
-2309;-364;1049;-324;177;182;-1490;-522;710;-323;432;243;-1797;-296;1048;-324;-33;-227;-1065;-406;849;-321;219;-259;-1007;-396;926;-323;193;0;-1600;-432;1023;-321;106;160;-1494;-347;1052;-323;123;55;-1525;-311;1082;-318;69;133;-1436;-354;1095;-323;-185;176;-1525;-295;1230;-321;-254;-105;-1936;-374;1052;-321;-246;4;-2143;-618;920;-320;-29;-188;-1539;-165;638;-321;-303;-295;-1748;-157;927;-320;-40;-409;-993;-212;994;-321;-12;-359;-1043;-32;921;-323;-123;23;-1735;-59;1258;-318;-174;48;-1346;-154;1040;-323;-288;137;-1564;-157;1269;-323;-63;153;-1667;-218;1202;-318;36;260;-2098;-195;1168;-323;-149;176;-1800;-437;866;-324;-50;199;-1751;-248;646;-323;160;51;-1400;-208;913;-324;-1;-420;-1218;-342;896;-323;-19;-233;-1170;-218;1003;-324;-248;-150;-1440;-416;1102;-321;-181;30;-1492;-237;1184;-323;-239;-24;-1462;-298;1273;-321;-178;51;-1550;-37;1135;-320;-517;56;walk
-2235;-743;800;-321;-550;442;-1478;-348;680;-323;-462;-492;-1866;-117;432;-321;-434;-47;-1612;-2;770;-324;-256;-326;-1381;-209;865;-323;-206;-173;-1104;-64;873;-321;-268;-125;-1562;-83;973;-326;-178;9;-1522;-215;988;-324;-33;78;-1829;234;750;-323;-220;238;-1661;-377;996;-324;-48;-223;-1728;-372;846;-323;237;-67;-1388;-387;956;-324;218;-220;-1020;-285;951;-323;179;-90;-1338;-377;1008;-323;48;64;-1472;-387;1212;-321;17;120;-1458;-324;1052;-323;-69;64;-1543;-354;1200;-324;-241;102;-1562;-499;985;-323;-260;-23;-2309;-839;1000;-321;-187;176;-1461;-302;651;-323;-448;-71;-1669;-212;980;-328;214;-370;-1141;-90;874;-324;-205;-371;-1104;-65;964;-326;-132;-172;-1606;-181;1188;-324;-289;-42;-1416;-260;1126;-320;-114;-76;-1584;-248;1302;-321;96;23;-1684;-100;1043;-320;90;147;-1900;-96;1120;-324;147;180;-1786;-518;929;-323;430;-25;-1741;-300;894;-323;116;165;walk
-1268;-329;988;-320;97;-246;-850;-316;914;-324;-69;-131;-1418;-522;997;-323;138;80;-1549;-478;1140;-324;71;-62;-1458;-306;1069;-323;26;59;-1562;-393;1204;-324;-116;55;-1646;-507;1121;-323;-111;-71;-2154;-740;966;-323;-160;170;-1726;-276;772;-324;-404;-272;-1668;-312;897;-323;169;-23;-966;-108;950;-324;-5;-356;-1143;-63;932;-323;54;90;-1726;-144;1225;-321;-103;4;-1408;-209;1052;-323;-181;131;-1649;-282;1300;-323;153;15;-2048;-258;975;-321;-143;168;-1991;-513;694;-320;177;368;-1625;-327;823;-321;348;340;-1318;-200;931;-323;124;-246;-928;-368;834;-321;69;-122;-1429;-499;943;-323;224;106;-1544;-384;1043;-321;274;-24;-1421;-322;1031;-323;83;18;-1537;-331;1108;-323;-95;11;-1723;-332;1265;-321;-284;-307;-2084;-387;1039;-320;-364;24;-1727;-268;716;-324;-553;-101;-1683;-429;795;-323;-49;-15;-1341;-56;834;-321;26;-174;-920;-24;800;-323;-6;-36;walk
-2195;-221;761;-326;27;252;-1029;-958;914;-324;1488;204;-1654;-243;1087;-326;140;-224;-1300;-454;1123;-321;493;278;-1453;-491;1098;-324;377;257;-1508;-273;1172;-323;-60;99;-1597;-382;1160;-328;-199;20;-1514;-592;1316;-323;-449;-313;-1769;-330;915;-324;-128;24;-1539;-237;900;-326;-183;59;-1482;-242;975;-324;-87;17;-1612;-192;898;-323;-63;175;-1512;-213;903;-326;40;113;-1637;-201;957;-321;-55;55;-1509;-282;1012;-323;135;33;-1535;-169;1040;-324;127;31;-1517;-144;1036;-323;125;-39;-1553;-143;1054;-328;69;15;-1688;-150;981;-323;-55;96;-1539;-244;998;-324;115;-71;-1538;-248;959;-323;236;0;-1653;-255;982;-321;405;17;-1580;-151;1011;-323;201;54;-1485;-271;1060;-324;-23;-99;-1478;-272;1038;-321;-269;72;-1540;-209;1106;-323;-128;-37;-1603;-180;1086;-321;-425;-153;-1591;-328;1096;-320;-546;-88;-1523;-236;1087;-321;-229;-124;-1560;-322;1072;-321;-218;-76;walk
-962;-184;796;-323;-101;-242;-1750;42;942;-321;-373;106;-1463;-358;952;-320;91;-87;-1377;-201;1126;-318;226;28;-1621;-204;1177;-323;324;-164;-1792;192;1089;-323;204;29;-1833;-827;1234;-318;75;-132;-1474;-648;736;-320;359;126;-1570;-498;821;-321;11;166;-1400;-570;841;-323;321;72;-1396;-475;875;-318;272;81;-1596;-472;1073;-320;324;59;-1544;-338;1069;-318;-41;-17;-1474;-390;1244;-320;-87;-81;-1566;-474;1308;-321;-260;-196;-2001;-338;769;-321;-41;19;-1453;-214;769;-320;-428;-110;-1485;-204;964;-321;206;-105;-1504;-120;926;-320;-181;236;-1558;-176;953;-318;-14;-116;-1612;-309;1140;-323;44;-86;-1489;-235;993;-321;213;26;-1544;-206;1177;-320;212;20;-1503;-211;1222;-318;291;-116;-1746;-54;1192;-316;284;-43;-1691;-350;1197;-321;-208;10;-1424;-492;782;-321;373;41;-1689;-401;1042;-320;-42;-31;-1425;-421;962;-321;-104;-158;-1353;-520;1016;-320;-31;31;walk
-2464;-1568;1484;-318;797;-953;-1460;229;1109;-316;-436;640;-1576;-709;1001;-318;197;55;-1355;-366;1028;-316;165;-65;-1556;-284;1126;-316;-39;151;-1497;-260;1114;-315;-249;-110;-1362;-478;1210;-320;-161;-111;-1694;-639;937;-315;-340;10;-1838;-35;944;-320;-472;-147;-1654;-117;880;-318;-287;80;-1517;-120;974;-320;-148;-161;-1622;-80;952;-316;-132;9;-1570;-148;1058;-318;-88;-119;-1512;-178;1053;-316;48;-80;-1572;-167;1156;-315;202;-46;-1553;-123;1198;-313;229;-39;-1548;-114;1205;-312;373;177;-1483;-17;1179;-320;392;182;-1752;-317;1081;-315;91;126;-1538;-422;956;-316;310;73;-1560;-491;922;-316;422;-78;-1514;-428;996;-318;238;-153;-1387;-394;1050;-313;293;-66;-1489;-366;1077;-318;222;12;-1544;-227;1195;-316;-114;0;-1476;-352;1278;-315;-204;2;-1428;-388;1226;-316;-283;-253;-1459;-386;1288;-313;-340;-168;-1538;-435;1339;-315;-348;34;-1526;-470;1199;-313;-431;267;walk
-2306;-548;1068;-315;-356;-109;-1398;-134;1051;-312;-305;-144;-1868;-254;1104;-316;-248;-47;-1210;-273;1053;-312;-20;-139;-1726;-86;1094;-313;-290;-116;-1413;-184;1284;-313;-221;-72;-1488;-254;1378;-315;-67;-30;-1430;-239;1360;-315;236;200;-1578;-58;1448;-315;97;34;-1430;-113;1292;-313;264;298;-1979;-102;964;-312;399;806;-1438;-520;965;-313;655;-32;-1686;-530;916;-312;366;80;-1507;-264;931;-312;189;32;-1477;-522;972;-315;390;124;-1536;-334;984;-312;223;-18;-1547;-326;1121;-316;113;-27;-1414;-270;1254;-312;-232;-214;-1549;-431;1288;-313;-181;-156;-1463;-302;1336;-312;-417;-14;-1346;-671;1291;-313;-540;-112;-1979;3;880;-312;-359;-109;-1707;-262;748;-312;-524;156;-1566;-216;1006;-313;-200;-233;-1596;-121;944;-315;-287;-21;-1518;-132;1052;-316;-214;-212;-1482;-224;1125;-312;-122;-143;-1452;-186;1201;-312;87;-178;-1584;-120;1301;-310;159;-135;-1452;-183;1334;-315;257;92;walk
-2496;-201;1134;-308;-667;-720;-1556;-368;1023;-308;-145;534;-1312;-74;902;-307;-111;-132;-1622;-140;823;-308;-139;75;-1589;-216;996;-308;-64;-16;-1499;-249;1051;-310;0;-21;-1510;-218;1086;-308;164;-9;-1542;-121;1162;-308;250;-92;-1632;-130;754;-308;217;114;-1457;-436;1000;-307;343;-101;-1511;-632;851;-305;390;51;-1524;-469;944;-307;81;-49;-1483;-529;960;-308;293;78;-1448;-464;1033;-307;105;25;-1512;-457;1075;-305;39;42;-1454;-362;1147;-305;-76;-174;-1470;-436;1204;-304;-266;-166;-1478;-460;1314;-308;-346;-142;-1744;-528;990;-307;-343;95;-1713;-209;901;-302;-539;-51;-1657;-141;938;-304;-212;-160;-1500;-105;906;-308;-167;-196;-1509;-213;1030;-308;-201;-65;-1524;-200;1119;-307;-134;6;-1554;-202;1269;-305;-71;-49;-1465;-239;1226;-307;78;42;-1545;-198;1369;-308;181;-96;-1548;-15;845;-310;124;-20;-1779;-404;1056;-305;136;-105;-1432;-584;988;-305;488;20;walk
-2304;-323;863;-302;-14;7;-1378;-196;968;-304;6;-125;-1436;-104;873;-305;-282;150;-1557;-223;952;-302;-79;68;-1579;-271;1148;-304;137;-104;-1424;-133;1078;-305;120;94;-1465;-178;1253;-304;514;-128;-2660;-1252;774;-305;103;359;-1392;-321;877;-307;483;341;-1525;-502;842;-302;152;-9;-1363;-502;872;-304;314;74;-1502;-470;952;-304;219;76;-1482;-299;1068;-302;-3;-92;-1576;-367;1188;-305;-149;-137;-1489;-392;1198;-305;-292;-155;-1395;-365;1224;-304;-454;-81;-1412;-550;1176;-302;-624;-38;-1988;-222;1140;-302;-454;-86;-1546;-248;636;-304;-564;-159;-1662;-417;1017;-302;25;-169;-1378;-16;826;-304;-184;-90;-1540;-125;905;-302;-155;132;-1540;-307;1139;-304;59;-4;-1560;-212;1239;-305;196;-11;-1486;-174;1099;-304;331;28;-1604;38;1328;-302;298;-92;-2105;-296;814;-300;-151;168;-1450;-530;846;-304;783;-36;-1513;-432;951;-302;313;12;-1367;-358;1012;-304;192;-98;walk
-2593;-388;973;-300;-395;-219;-1362;-338;757;-300;-407;399;-1528;-81;931;-302;-152;-108;-1477;-168;812;-297;-2;179;-1640;-259;927;-302;-5;22;-1485;-217;918;-300;68;80;-1558;-284;967;-302;162;-26;-1579;-332;968;-297;160;-96;-1527;-403;945;-299;103;-64;-1553;-439;929;-299;34;-14;-1648;-418;994;-300;-19;48;-1511;-397;1037;-302;-47;-1;-1550;-393;1013;-299;-19;-128;-1518;-354;1052;-299;14;-35;-1542;-370;1064;-304;-28;-8;-1548;-348;1070;-299;-28;-18;-1518;-351;1028;-300;-6;-7;-1539;-347;1077;-299;-12;-10;-1538;-338;1059;-300;-11;-30;-1561;-343;1074;-299;-19;-27;-1575;-344;1099;-300;-37;5;-1512;-306;1081;-302;-35;-30;-1542;-336;1098;-300;-30;-34;-1541;-335;1104;-299;-29;-25;-1562;-330;1098;-299;-34;-9;-1537;-354;1082;-297;-28;50;-1538;-331;1094;-299;-4;26;-1538;-339;1088;-297;4;28;-1536;-352;1083;-299;-2;3;-1538;-369;1054;-300;-14;28;walk
-2321;-646;1173;-296;-440;365;-1402;-170;875;-296;-874;302;-1470;-246;1091;-300;4;51;-1505;-140;944;-296;-136;195;-1531;-147;924;-297;-56;83;-1526;-284;1050;-296;183;80;-1476;-155;1056;-297;195;58;-1603;-160;913;-299;271;100;-1564;-578;868;-297;363;9;-1618;-331;799;-292;-30;118;-1438;-405;808;-297;107;49;-1495;-372;831;-296;71;-83;-1690;-352;805;-294;-121;101;-1518;-243;904;-291;7;-15;-1532;-288;892;-292;-38;-39;-1551;-284;924;-296;-2;-40;-1600;-280;959;-296;15;-65;-1544;-246;930;-294;-81;-40;-1571;-315;979;-296;-10;-141;-1560;-296;960;-294;-11;-34;-1561;-266;1003;-296;-21;-42;-1576;-297;1024;-294;-35;-32;-1524;-308;998;-292;-8;-21;-1542;-290;994;-294;-11;-12;-1560;-285;999;-296;-13;8;-1575;-306;984;-294;-24;-35;-1547;-282;1037;-296;-16;-22;-1558;-270;1042;-294;-12;-44;-1545;-283;1045;-297;-30;-27;-1547;-272;1024;-296;-13;-16;walk
-2608;-474;782;-296;229;434;-1131;-613;968;-294;901;315;-1824;-269;1156;-292;-314;-345;-1055;-492;1029;-294;-22;-137;-1606;-575;1066;-296;35;28;-1602;-295;1226;-294;-95;-74;-1379;-341;1197;-292;-361;-29;-1442;-373;1336;-289;-405;-111;-1424;-424;1356;-294;-484;26;-1842;-729;975;-296;-283;385;-1500;-410;881;-294;-328;-103;-1637;-245;586;-292;-223;277;-1443;-100;780;-291;-35;194;-1589;-160;677;-292;-237;146;-1551;-186;738;-294;-156;33;-1618;-218;801;-297;-103;-74;-1648;-264;852;-296;-104;-111;-1449;-178;936;-292;-48;-44;-1586;-234;951;-296;-44;-23;-1602;-181;963;-297;15;12;-1522;-156;973;-292;-73;-12;-1664;-155;929;-291;-27;-24;-1550;-187;910;-292;72;-22;-1559;-222;910;-294;41;0;-1556;-174;895;-292;-4;22;-1535;-212;912;-294;4;2;-1620;-201;940;-299;-58;-9;-1574;-222;932;-294;-19;-27;-1582;-206;943;-292;-57;-33;-1575;-191;933;-294;-41;-44;walk
-1314;-381;1112;-292;-200;103;-1298;-355;1266;-292;-273;-94;-1439;-540;1094;-291;-166;-181;-2020;-827;692;-292;-688;-26;-1902;57;338;-291;-1014;195;-1382;-53;653;-292;-50;184;-1436;-23;660;-289;-281;99;-1482;-150;611;-291;-163;-70;-1565;-324;834;-292;237;-70;-1537;-300;882;-291;-33;-216;-1508;-545;883;-292;91;-32;-1475;-465;900;-294;-64;-55;-1583;-386;942;-292;-114;-42;-1557;-356;986;-294;38;-14;-1520;-331;1001;-292;31;-72;-1572;-329;1048;-291;-45;-113;-1523;-308;1057;-292;-40;-85;-1564;-345;1085;-291;-9;-89;-1547;-332;1093;-291;-19;-33;-1493;-330;1080;-292;-17;-73;-1540;-322;1140;-289;-7;-54;-1550;-325;1134;-292;-6;-54;-1540;-308;1150;-294;13;-40;-1486;-312;1134;-292;-6;27;-1559;-284;1171;-291;-101;-38;-1510;-371;1152;-289;-20;-50;-1542;-358;1158;-291;-2;14;-1517;-340;1178;-292;-5;-1;-1472;-345;1141;-291;14;-8;-1558;-320;1164;-292;-1;-30;walk
-1256;22;1175;-294;-386;236;-1476;-109;1380;-289;25;-188;-1571;59;1040;-294;-57;81;-1980;34;983;-296;288;114;-1361;-929;824;-292;718;-3;-1606;-584;709;-294;-168;153;-1507;-406;1006;-289;-5;364;-1234;-386;918;-294;-83;21;-1842;-259;957;-296;-435;62;-1692;-231;859;-294;-213;-58;-1709;-144;706;-292;-165;147;-1478;-230;809;-291;-74;78;-1636;-168;854;-292;-19;-55;-1704;-244;833;-294;-26;44;-1431;-278;862;-292;42;15;-1574;-309;912;-291;69;-81;-1602;-349;960;-292;93;-114;-1551;-294;994;-291;95;-121;-1532;-296;1003;-292;68;-118;-1561;-280;1019;-292;93;-115;-1556;-280;1084;-291;42;-97;-1570;-297;1108;-292;90;-88;-1526;-232;1125;-288;-2;-80;-1549;-268;1152;-292;-12;-66;-1532;-273;1156;-294;60;-35;-1560;-213;1185;-292;-2;-17;-1530;-265;1122;-291;50;-8;-1514;-227;1166;-289;14;-29;-1533;-254;1152;-291;-46;16;-1550;-279;1148;-292;0;-41;walk
-1338;-680;493;-289;499;-86;-2033;-243;1495;-291;-289;-175;-879;-282;1140;-289;266;210;-1494;-436;1390;-291;-67;-16;-1416;-573;802;-294;-265;36;-2594;-636;968;-289;-376;-336;-1002;95;410;-291;-714;-606;-1709;-190;799;-292;386;-393;-1414;-36;1033;-294;-310;94;-1456;-209;1197;-292;347;9;-1543;70;1022;-291;38;-240;-2302;-486;936;-292;567;242;-1333;-338;837;-294;49;306;-1406;-545;879;-292;184;81;-1505;-328;926;-294;23;74;-1552;-387;943;-292;25;96;-1529;-365;1025;-291;-14;57;-1557;-355;1046;-292;-43;46;-1541;-341;1017;-291;-28;0;-1564;-324;1040;-296;-37;23;-1529;-306;1026;-292;-69;6;-1538;-340;1056;-294;-55;-26;-1545;-328;1044;-292;-34;-21;-1544;-330;1047;-291;-15;-36;-1549;-315;1074;-289;-55;-30;-1538;-348;1046;-294;31;-23;-1528;-333;1022;-292;-7;9;-1550;-333;1051;-288;14;18;-1549;-352;1050;-289;-2;15;-1548;-333;1055;-288;-34;19;walk
-2261;-576;524;-292;-322;-167;-1599;-52;947;-291;-396;38;-1122;-242;996;-289;82;-96;-1439;-224;1214;-292;-73;216;-1328;-268;1440;-291;401;-176;-1850;-243;1394;-289;174;25;-1998;-643;350;-291;190;416;-1531;-257;1042;-292;-335;-86;-1416;-638;699;-288;219;170;-1450;-290;831;-289;-226;28;-1532;-407;893;-292;-55;72;-1592;-382;995;-288;-19;46;-1527;-294;1012;-289;-190;44;-1583;-324;988;-291;-95;21;-1571;-328;1058;-292;-57;-42;-1535;-311;1014;-291;-32;-39;-1558;-275;988;-292;-49;9;-1574;-306;1047;-291;29;-4;-1550;-279;1004;-292;-9;15;-1542;-286;1024;-288;29;-5;-1566;-278;1022;-289;18;-5;-1562;-286;1023;-291;8;-5;-1555;-288;1023;-289;-11;12;-1538;-280;1004;-291;-35;11;-1529;-310;1021;-289;-3;7;-1559;-290;1000;-291;-21;28;-1544;-280;987;-289;-30;36;-1537;-293;988;-288;-38;53;-1534;-267;972;-286;-16;28;-1543;-288;945;-291;-50;7;walk
-1340;-554;622;-291;340;172;-1813;-354;1366;-292;-181;28;-1268;-205;1119;-294;159;135;-1389;-495;1150;-292;18;209;-1288;-314;1236;-291;-249;-5;-1549;-72;1321;-292;-475;-337;-1722;-646;189;-294;-236;-88;-1469;-326;668;-289;-337;167;-1383;-161;861;-291;-34;47;-1425;-248;802;-292;-19;-58;-1530;-310;963;-291;32;-70;-1589;-221;1044;-292;-108;-58;-1482;-285;910;-292;71;66;-1598;-205;1055;-291;145;43;-1566;-196;1087;-292;9;24;-1545;-257;1101;-291;49;1;-1575;-210;1122;-289;-5;26;-1562;-202;1109;-291;-17;-46;-1502;-240;1067;-289;-1;-1;-1575;-236;1055;-291;-73;16;-1542;-271;1066;-289;-38;-17;-1558;-289;1071;-291;-32;16;-1577;-272;1080;-289;-2;11;-1538;-287;1085;-294;-25;13;-1560;-287;1095;-289;-31;1;-1536;-276;1069;-288;6;-17;-1565;-278;1054;-292;-18;5;-1545;-286;1051;-288;-11;0;-1536;-286;1062;-291;-17;6;-1543;-298;1054;-289;3;13;walk
-1762;-1064;1150;-294;-414;-398;-1634;164;466;-289;-1037;-808;-1554;-497;1108;-292;403;-96;-1153;43;1054;-291;-332;76;-1688;-93;1194;-289;103;84;-1436;-234;1350;-294;29;-53;-1680;-251;1320;-289;-19;-112;-1452;-102;953;-291;368;-127;-1948;-448;1432;-289;-269;-570;-1463;-549;1011;-292;-32;39;-1505;-372;1007;-291;-131;123;-1522;-289;1118;-292;27;-13;-1528;-312;1133;-294;-135;-1;-1522;-370;1095;-292;27;20;-1554;-229;1145;-291;-10;80;-1534;-258;1088;-292;-51;74;-1553;-282;1096;-294;-86;50;-1560;-318;1093;-292;-11;11;-1562;-237;1102;-291;8;-31;-1540;-289;1086;-292;-17;-6;-1566;-282;1106;-291;18;5;-1537;-261;1097;-292;-13;-18;-1551;-256;1143;-294;-44;-30;-1493;-294;1090;-289;24;-29;-1551;-296;1090;-291;2;-22;-1546;-293;1080;-289;-22;16;-1529;-311;1087;-291;-9;10;-1547;-316;1102;-292;2;7;-1543;-290;1104;-291;-37;6;-1536;-302;1098;-291;-23;-13;walk
-1178;-250;1036;-292;192;47;-1390;-383;1118;-288;357;129;-1299;-302;1187;-289;171;-7;-1469;-356;1406;-291;-146;-157;-1784;-425;1443;-289;-230;-245;-2177;44;956;-292;-698;-112;-1766;-751;1372;-291;-57;615;-1251;64;1024;-289;-160;-161;-1439;-140;908;-292;-70;123;-1373;-250;1106;-289;-18;-42;-1598;-133;1205;-291;7;-24;-1508;-109;1418;-289;-107;-62;-1848;-139;1013;-288;204;353;-1547;-812;986;-292;388;-138;-1729;-145;1009;-291;-165;-313;-1200;-476;994;-292;350;-110;-1426;-442;1128;-292;316;155;-1431;-216;1265;-291;120;42;-1532;-144;1372;-292;-181;-202;-1633;-457;1138;-291;-630;-287;-1896;-42;709;-289;-700;-422;-1543;-318;994;-288;88;20;-1471;-62;979;-289;-70;54;-1579;-159;1061;-291;-67;108;-1468;-270;1076;-292;-37;92;-1570;-253;987;-291;-45;14;-1498;-204;979;-291;-87;0;-1551;-261;1051;-292;-137;2;-1595;-306;1089;-291;-62;-16;-1512;-301;1062;-292;-9;16;walk
-1459;-324;886;-292;167;-292;-1825;-505;1066;-294;-130;157;-1438;-374;1091;-292;225;-29;-1632;-279;1167;-291;-249;-13;-1577;-392;1090;-291;-47;-59;-1612;-314;1076;-289;-350;24;-1497;-458;1032;-288;50;44;-1569;-327;1098;-292;-144;-26;-1546;-324;1066;-291;35;54;-1540;-243;1141;-292;-89;103;-1598;-376;1244;-294;35;40;-1520;-350;1254;-292;-170;84;-1460;-386;1299;-291;-41;91;-1467;-358;1377;-292;-70;44;-1377;-372;1432;-291;-159;-42;-1813;-335;1545;-292;-443;-56;-2208;-516;870;-292;-186;-195;-1802;-83;853;-291;-392;102;-1012;-204;886;-296;473;-12;-1443;28;1026;-294;-84;200;-1465;-188;1279;-292;278;-31;-1511;-60;1129;-297;303;-91;-1717;-179;1501;-292;447;-305;-1478;-768;889;-294;348;-212;-2037;-122;1130;-294;-350;-17;-1177;-437;1079;-292;244;147;-1325;-388;1122;-294;-50;21;-1442;-161;1387;-296;-173;-74;-1408;-484;1218;-294;7;-126;-2153;-632;1053;-292;-306;-174;walk
-569;-440;545;-296;876;-716;-1947;-281;1078;-294;-470;-93;-1045;-469;1014;-292;129;-202;-1788;-554;1122;-296;-19;36;-1477;-276;1059;-296;-198;-38;-1568;-485;1136;-296;-188;-146;-1218;-428;1171;-294;-147;14;-1516;-500;1533;-292;-291;-263;-1357;-326;1209;-297;-256;-91;-1338;-758;1376;-296;-374;-371;-2121;32;1439;-292;-348;-307;-1926;-81;556;-294;-288;534;-1362;-172;776;-296;85;60;-1684;-50;1032;-294;-235;76;-1551;-258;1078;-296;-38;-12;-1500;-206;1183;-294;264;-218;-1566;-207;1242;-296;237;-98;-1406;-194;1261;-294;339;-79;-1512;-174;1420;-294;337;-39;-1700;-141;828;-296;96;430;-1552;-224;1120;-291;496;111;-1382;-353;977;-296;366;31;-1701;-417;1147;-294;93;-68;-1319;-293;1114;-292;162;-40;-1513;-360;1139;-294;-21;60;-1529;-351;1249;-292;-89;-79;-1500;-260;1299;-294;-121;-109;-1540;-324;1356;-292;-409;-51;-1345;-398;1431;-299;-154;-139;-1402;-394;1441;-292;-331;-95;walk
-2186;-22;895;-292;728;-127;-1102;-262;990;-296;972;439;-1690;-44;1178;-296;738;361;-1501;-196;1309;-294;907;228;-1512;-244;1302;-292;779;140;-1467;-165;1319;-297;771;190;-1529;-113;1345;-296;598;-28;-1987;-224;1028;-294;204;113;-1294;-432;783;-299;1109;49;-1684;-280;1078;-292;-46;-94;-1235;-417;971;-291;331;-33;-1493;-396;1156;-292;13;22;-1508;-364;1188;-291;-18;115;-1507;-343;1243;-292;-136;94;-1482;-303;1224;-291;-209;120;-1464;-306;1314;-292;-350;59;-1478;-346;1420;-291;-295;-72;-1558;-273;1535;-294;-332;-115;-1936;-436;804;-296;-217;-111;-1737;-424;1117;-291;-393;-316;-1169;-450;884;-292;543;-86;-1489;-138;1234;-291;87;107;-1462;-104;1201;-292;384;117;-1576;-221;1272;-291;412;75;-1538;-235;1464;-292;542;-1;-1563;-277;1521;-296;681;-34;-2067;-154;976;-294;17;-67;-1546;-377;896;-292;792;81;-1360;-109;1149;-294;-13;33;-1274;-372;1143;-292;70;67;walk
-1320;-670;759;-299;1257;105;-1646;0;986;-297;-168;-132;-966;-565;1117;-299;417;-15;-1734;-364;1282;-297;0;171;-1405;-157;1329;-299;-67;-192;-1495;-286;1166;-302;-300;-55;-1884;-439;1519;-297;-571;-204;-1628;-166;859;-299;-323;-252;-2043;-356;1150;-297;-377;213;-1068;-45;1001;-299;-194;-262;-1564;-24;1188;-299;-369;217;-1535;-244;1327;-299;-193;-93;-1281;-212;1037;-299;-7;154;-1692;-281;1477;-297;346;127;-1874;23;966;-299;455;-42;-1572;-564;1363;-297;454;-93;-1804;-558;935;-299;509;497;-1549;-255;1074;-300;-181;11;-1029;-490;1059;-299;250;143;-1633;-378;1266;-300;-33;134;-1518;-117;1325;-297;-212;-83;-1610;-356;1194;-299;-395;81;-2101;-573;1372;-297;-378;-267;-1660;-58;972;-302;-500;-564;-1740;-382;1085;-300;-48;-92;-1201;-24;958;-299;-158;-177;-1664;-194;1144;-300;156;296;-1540;-196;1161;-302;159;60;-1491;-141;1250;-299;329;52;-1646;-169;1310;-297;535;164;walk
-3276;-662;606;-296;-558;1909;-383;-87;734;-294;605;781;-1855;-409;621;-292;-93;-285;-1341;-354;715;-296;167;-156;-1652;-384;964;-294;47;-110;-1561;-474;900;-296;-56;27;-1482;-297;986;-292;-17;-189;-1550;-523;928;-296;59;-59;-1466;-546;1022;-294;179;16;-1450;-463;985;-292;-252;-194;-1516;-526;915;-297;-264;73;-1399;-630;839;-292;161;-100;-1585;-536;1044;-292;-292;155;-1396;-464;820;-292;-463;-85;-1500;-270;882;-289;-542;-119;-1819;-248;988;-294;-24;-106;-1471;-125;999;-292;64;-84;-1562;-61;959;-294;142;-6;-1694;-106;593;-292;270;215;-1390;-402;892;-294;349;182;-1598;-427;869;-296;328;-64;-1561;-456;955;-292;235;216;-1566;-521;1073;-291;31;-168;-1434;-462;1006;-292;-72;-115;-1511;-534;939;-288;-190;-69;-1426;-269;964;-292;-238;-95;-1677;-276;1016;-291;-496;-126;-1526;-266;997;-296;-402;-5;-1648;-68;1015;-294;-162;-107;-1499;-147;1038;-291;-5;-47;walk
-622;-359;720;-289;562;-831;-2254;-810;693;-294;620;-281;-1286;-389;790;-291;62;344;-1718;-622;907;-292;-30;63;-1315;-592;818;-291;-50;7;-1462;-538;757;-289;-162;-38;-1581;-533;805;-286;-168;-194;-1614;-453;787;-289;-349;-12;-1498;-393;781;-288;-395;-118;-1352;-272;654;-289;-638;-59;-1755;-221;712;-291;-248;197;-1522;-201;686;-289;-142;57;-1581;-262;764;-288;223;155;-1376;-67;643;-288;284;59;-1665;-85;566;-289;476;83;-1468;-331;704;-291;405;76;-1496;-493;504;-289;812;174;-1378;-313;715;-289;253;71;-1678;-593;714;-289;-78;-162;-1486;-524;746;-291;53;-166;-1487;-558;744;-286;-237;-143;-1459;-584;694;-288;-315;-210;-1407;-453;700;-286;-297;-208;-1517;-424;675;-289;-517;-132;-1518;-334;664;-289;-516;-100;-1553;-204;780;-289;-617;-176;-1660;-287;712;-288;-676;-29;-1606;-278;854;-289;-332;-240;-1479;-299;869;-288;129;23;-1514;-168;784;-289;370;0;walk
